Cow#,Short Name,Calved,Lact#,Age (mths),Milk PI,Protein PI,Fat PI,Milk,Fat Kg,Fat %,Protein Kg,Protein %,SCC,Cow#_1,DIM,LTD Milk,LTD Protein Kg,LTD Protein %,LTD Fat Kg,LTD Fat %,Tests,Peak SCC,Peak SCC Date,Influence
1139,1139,09/03/2017,6,134,109,107,113,22,0.99,4.49,0.77,3.49,67,1139,217,6130,209,3.41,294,4.8,8,266,14/03/2017,
1143,1143,14/07/2017,8,126,96,91,94,25,1.05,4.19,0.73,2.9,24,1143,90,2679,89,3.32,108,4.03,4,315,18/07/2017,
1151,1151,14/07/2017,5,102,87,94,92,24,1.2,5,0.8,3.35,20,1151,90,2287,88,3.85,102,4.46,4,78,18/07/2017,
1153,1153,31/07/2016,4,91,108,103,107,12,0.71,5.93,0.57,4.73,99,1153,438,10374,373,3.6,483,4.66,15,309,09/11/2016,
1154,1154,30/07/2016,4,90,112,106,116,19,0.86,4.52,0.74,3.89,138,1154,439,10956,373,3.4,489,4.46,15,459,07/12/2016,
1156,1156,24/07/2016,3,78,95,101,109,12,0.81,6.75,0.62,5.14,74,1156,445,9372,367,3.92,504,5.38,15,211,18/07/2017,
1157,1157,27/02/2015,2,61,85,80,74,12,0.55,4.61,0.42,3.5,136,1157,958,18578,608,3.27,797,4.29,29,304,02/03/2015,
1159,1159,02/07/2017,4,90,102,95,110,27,1.35,4.99,0.81,2.99,33,1159,102,3153,102,3.24,154,4.88,4,75,18/07/2017,
1161,1161,24/07/2016,3,78,120,114,111,9,0.47,5.17,0.39,4.37,225,1161,445,10662,373,3.5,457,4.29,15,308,18/07/2017,
1162,1162,13/02/2017,3,73,98,96,96,24,1.13,4.7,0.85,3.56,30,1162,241,6092,215,3.53,275,4.51,9,30,12/10/2017,
1164,1164,27/01/2017,3,72,90,90,97,19,1.12,5.87,0.78,4.11,83,1164,258,5776,200,3.46,279,4.83,9,194,15/08/2017,
1165,1165,09/02/2017,3,60,95,91,101,19,1.05,5.5,0.67,3.55,180,1165,245,5984,198,3.31,288,4.81,9,346,14/02/2017,
1167,1167,12/02/2017,3,73,98,98,103,17,1.01,5.92,0.71,4.17,73,1167,242,6001,209,3.48,280,4.67,9,111,14/02/2017,
1168,1168,03/02/2017,3,61,75,77,77,18,1.01,5.6,0.68,3.76,69,1168,251,4886,171,3.5,228,4.67,9,3081,14/02/2017,
1169,1169,25/01/2017,2,60,89,86,97,19,1.07,5.62,0.7,3.69,73,1169,260,6032,202,3.35,295,4.89,9,87,14/03/2017,
1172,1172,01/02/2017,2,61,92,92,79,21,0.88,4.21,0.79,3.78,66,1172,253,5792,201,3.47,229,3.95,8,70,14/03/2017,
1173,1173,29/07/2016,2,54,93,97,99,13,0.81,6.21,0.6,4.58,87,1173,440,9026,339,3.76,447,4.95,15,182,18/07/2017,
1174,1174,31/01/2017,3,61,73,78,84,18,1.09,6.08,0.75,4.14,40,1174,254,4663,173,3.71,236,5.06,9,52,12/09/2017,
1175,1175,21/07/2017,2,54,85,81,77,23,0.98,4.27,0.67,2.93,29,1175,83,2122,64,3.02,64,3.02,3,29,12/10/2017,
1176,1176,08/08/2016,1,43,79,77,83,14,0.81,5.82,0.59,4.18,75,1176,430,7926,282,3.56,388,4.9,15,340,14/02/2017,
1177,1177,16/08/2016,1,25,119,115,128,15,0.92,6.12,0.64,4.26,45,1177,422,8800,304,3.45,428,4.86,14,103,11/10/2016,
1178,1178,04/09/2016,1,38,94,98,102,10,0.66,6.61,0.51,5.06,195,1178,403,7742,293,3.78,403,5.21,14,802,08/09/2016,
1179,1179,07/10/2016,2,47,75,79,89,12,0.78,6.46,0.52,4.33,141,1179,370,6225,235,3.78,339,5.45,13,523,11/10/2016,
1180,1180,13/08/2017,1,43,,,,33,1.18,3.59,0.93,2.82,359,1180,60,1692,52,3.07,66,3.9,3,359,12/10/2017,
2204,2204,01/08/2017,10,188,83,82,80,22,0.91,4.15,0.69,3.14,52,2204,72,1872,59,3.15,70,3.74,3,52,12/10/2017,
2671,2671,09/02/2017,8,151,97,84,92,21,1.06,5.05,0.72,3.41,64,2671,245,5946,181,3.04,260,4.37,9,5304,18/07/2017,
2697,ERICA,19/03/2017,9,153,112,95,107,24,1.15,4.78,0.74,3.09,92,2697,207,6100,176,2.89,265,4.34,7,1152,16/05/2017,
2736,2736,10/08/2017,8,152,90,92,93,24,1.11,4.64,0.71,2.94,19,2736,63,1774,63,3.55,73,4.11,3,1422,12/09/2017,
2764,2764,29/01/2017,8,143,108,97,93,26,1.01,3.89,0.89,3.41,77,2764,256,6962,214,3.07,269,3.86,9,77,12/10/2017,
2787,2787,28/07/2016,7,137,104,94,118,17,0.96,5.66,0.61,3.61,390,2787,441,10024,325,3.24,499,4.98,15,489,07/12/2016,
2806,2806,11/07/2016,7,136,109,102,111,17,1.06,6.21,0.72,4.22,136,2806,458,11126,381,3.42,522,4.69,16,908,16/08/2016,
2833,2833,07/08/2017,9,148,109,99,98,33,1.19,3.6,0.87,2.65,97,2833,66,2228,71,3.19,87,3.9,3,493,15/08/2017,
2853,2853,05/02/2017,8,140,119,98,117,26,1.23,4.72,0.87,3.34,46,2853,249,7485,214,2.86,324,4.33,9,82,14/02/2017,
2906,2906,21/02/2017,8,138,105,100,123,20,0.82,4.1,0.7,3.5,225,2906,233,6300,207,3.29,336,5.33,8,225,12/10/2017,
2921,2921,10/02/2017,7,138,96,88,112,19,0.98,5.16,0.65,3.4,33,2921,244,5954,189,3.17,315,5.29,9,113,14/03/2017,
2944,2944,04/08/2017,9,141,107,101,87,27,0.97,3.59,0.78,2.89,213,2944,69,2477,79,3.19,79,3.19,3,213,12/10/2017,
2967,2967,25/02/2017,8,132,97,92,103,24,1.25,5.2,0.83,3.47,91,2967,229,5692,185,3.25,277,4.87,8,1043,12/09/2017,
2970,2970,05/02/2017,8,132,118,105,120,20,0.99,4.94,0.72,3.58,226,2970,249,7052,218,3.09,332,4.71,9,239,18/07/2017,
2984,2984,10/03/2017,7,133,125,105,114,25,1.09,4.36,0.78,3.11,69,2984,216,6862,201,2.93,284,4.14,8,105,15/08/2017,
3017,3017,05/08/2017,6,137,107,98,103,30,1.29,4.31,0.84,2.79,13,3017,68,2330,73,3.13,93,3.99,3,31,15/08/2017,
3061,3061,04/03/2017,7,131,111,107,114,24,1.29,5.36,0.79,3.29,51,3061,222,6355,211,3.32,301,4.74,8,82,16/06/2017,
3075,3075,16/07/2017,8,134,114,100,116,31,1.54,4.97,0.89,2.86,42,3075,88,2860,87,3.04,125,4.37,4,1074,18/07/2017,
3076,3076,25/01/2017,7,129,89,90,92,19,1.08,5.69,0.72,3.78,46,3076,260,5808,199,3.43,271,4.67,9,67,14/03/2017,
3103,3103,23/01/2017,7,126,87,91,88,16,0.75,4.68,0.72,4.47,356,3103,262,5690,203,3.57,257,4.52,9,356,12/10/2017,
3134,3134,06/08/2017,7,129,109,102,107,30,1.29,4.29,0.88,2.93,11,3134,67,2364,76,3.21,98,4.15,3,526,15/08/2017,
3150,3150,22/07/2016,5,113,119,114,119,24,1.45,6.06,1.03,4.31,384,3150,447,11921,426,3.57,562,4.71,15,384,12/10/2017,
3184,3184,03/07/2017,6,124,100,93,92,23,1,4.33,0.66,2.86,97,3184,101,3240,103,3.18,127,3.92,4,97,12/10/2017,
3246,3246,29/07/2017,5,121,100,97,98,26,1.24,4.78,0.78,3,31,3246,75,2447,79,3.23,101,4.13,3,41,15/08/2017,
3260,3260,24/02/2017,5,121,118,102,90,23,0.99,4.32,0.72,3.15,2100,3260,230,7051,210,2.98,244,3.46,8,2100,12/10/2017,
3262,3262,17/08/2016,4,109,110,96,113,14,0.69,4.9,0.53,3.8,62,3262,421,10150,323,3.18,459,4.52,14,818,18/01/2017,
3275,3275,17/02/2016,5,103,109,107,120,13,0.8,6.16,0.57,4.39,103,3275,603,12828,477,3.72,680,5.3,20,225,15/08/2017,
3338,3338,20/02/2017,6,114,70,75,84,16,0.99,6.2,0.59,3.7,117,3338,234,4304,159,3.69,231,5.37,8,117,12/10/2017,
3343,3343,07/02/2017,6,114,101,88,110,20,1.04,5.19,0.66,3.32,140,3343,247,6494,196,3.02,317,4.88,9,646,14/02/2017,
3346,3346,10/07/2017,6,119,127,114,109,29,1.04,3.6,1.04,3.6,8,3346,94,3879,116,2.99,145,3.74,4,55,18/07/2017,
3369,3369,31/07/2017,6,116,114,100,102,35,1.24,3.53,0.93,2.65,12,3369,73,2555,77,3.01,98,3.84,3,371,15/08/2017,
3383,3383,31/07/2017,6,115,114,108,106,32,1.49,4.67,0.94,2.94,214,3383,73,2684,89,3.32,101,3.76,3,2001,15/08/2017,
3387,3387,05/03/2017,6,110,96,97,97,22,1.13,5.13,0.81,3.68,54,3387,221,5494,192,3.49,258,4.7,8,123,14/03/2017,
3395,3395,22/02/2017,5,108,98,95,105,20,0.99,4.96,0.77,3.83,63,3395,232,5902,196,3.32,289,4.9,8,85,12/09/2017,
3404,3404,10/07/2017,5,113,82,85,101,24,1.85,7.71,0.75,3.12,19,3404,94,2255,81,3.59,111,4.92,4,43,18/07/2017,
3405,3405,09/03/2017,5,109,108,99,110,17,0.9,5.27,0.55,3.24,74,3405,217,5965,186,3.12,276,4.63,8,148,14/03/2017,
3406,3406,13/07/2016,5,101,90,90,91,11,0.65,5.87,0.55,5.02,140,3406,456,9522,356,3.74,435,4.57,16,140,12/10/2017,
3408,3408,12/02/2017,6,108,101,91,87,20,0.64,3.2,0.72,3.58,324,3408,242,6086,190,3.12,232,3.81,9,324,12/10/2017,
3422,3422,02/07/2016,4,100,116,101,107,13,0.66,5.07,0.54,4.12,361,3422,467,11497,374,3.25,483,4.2,16,361,12/10/2017,
3424,3424,26/01/2017,5,107,88,84,97,18,0.85,4.71,0.68,3.75,240,3424,259,5670,184,3.25,276,4.87,9,420,14/02/2017,
3425,3425,31/01/2017,4,107,112,105,116,21,0.9,4.3,0.74,3.54,141,3425,254,7227,234,3.24,325,4.5,9,356,14/02/2017,
3427,3427,08/08/2017,5,113,103,94,97,31,1.33,4.29,0.85,2.73,14,3427,65,2087,65,3.11,78,3.74,3,50,15/08/2017,
3447,3447,13/02/2017,5,107,93,84,90,20,1.09,5.44,0.72,3.6,95,3447,241,5494,171,3.11,241,4.39,9,164,14/03/2017,
3455,3455,16/08/2017,5,113,103,97,125,31,2.1,6.77,0.87,2.8,24,3455,57,1977,63,3.19,88,4.45,2,24,12/10/2017,
3474,3474,01/07/2017,5,109,105,94,107,25,1.23,4.9,0.73,2.9,79,3474,103,3425,104,3.04,150,4.38,4,103,18/07/2017,
3480,3480,04/08/2017,5,110,115,107,109,30,1.3,4.34,0.74,2.47,38,3480,69,2651,90,3.39,104,3.92,3,42,15/08/2017,
3485,3485,27/02/2017,5,104,113,93,89,21,0.7,3.33,0.58,2.75,174,3485,227,6766,191,2.82,245,3.62,8,528,14/03/2017,
3489,3489,10/07/2016,5,97,97,91,85,12,0.55,4.6,0.49,4.12,275,3489,459,10119,350,3.46,422,4.17,16,275,12/10/2017,
3495,3495,07/02/2017,5,103,92,92,101,18,1.01,5.6,0.68,3.77,293,3495,247,5874,199,3.39,287,4.89,9,1879,14/02/2017,
3496,3496,27/07/2017,6,109,100,97,108,29,1.72,5.92,0.87,3,21,3496,77,2374,78,3.29,109,4.59,3,37,15/08/2017,
3506,3506,16/07/2016,5,96,128,119,112,23,1.12,4.89,0.88,3.81,42,3506,453,12732,434,3.41,527,4.14,16,505,21/07/2016,
3512,3512,25/08/2016,5,98,107,94,89,12,0.53,4.43,0.45,3.74,162,3512,413,9590,305,3.18,368,3.84,14,3028,07/04/2017,
3519,3519,11/02/2017,4,103,107,96,111,21,1.12,5.35,0.75,3.55,136,3519,243,6583,206,3.13,322,4.89,9,947,14/02/2017,
3525,3525,10/07/2016,4,96,107,101,102,24,1.16,4.85,0.93,3.86,117,3525,459,11392,390,3.42,502,4.41,16,117,12/10/2017,
3532,3532,28/02/2017,5,103,102,111,116,23,1.15,5.02,0.92,4.02,86,3532,226,6006,222,3.7,310,5.16,8,739,16/06/2017,
3558,3558,09/02/2017,5,102,87,83,106,19,0.91,4.77,0.7,3.7,176,3558,245,5404,180,3.33,294,5.44,9,176,12/10/2017,
3566,3566,13/07/2016,5,95,101,109,109,11,0.71,6.49,0.53,4.82,111,3566,456,9559,386,4.04,499,5.22,16,111,12/10/2017,
3575,3575,14/07/2016,5,95,113,112,110,14,0.6,4.31,0.51,3.61,111,3575,455,10663,368,3.45,469,4.4,16,204,16/06/2017,
3582,3582,09/03/2017,5,103,112,106,106,23,1.06,4.62,0.78,3.39,92,3582,217,6286,206,3.28,271,4.31,8,267,14/03/2017,
3588,3588,20/07/2016,5,92,116,107,118,15,0.73,4.88,0.59,3.95,178,3588,449,10966,382,3.48,492,4.49,16,229,16/06/2017,
3590,3590,16/07/2016,5,92,122,124,138,15,0.72,4.8,0.62,4.12,84,3590,453,11410,417,3.65,571,5,16,114,21/07/2016,
3626,3626,28/03/2017,5,100,120,114,113,24,1.08,4.5,0.81,3.39,73,3626,198,6348,206,3.25,276,4.35,7,778,16/05/2017,
3628,3628,13/07/2017,4,103,97,92,108,26,1.3,4.99,0.76,2.93,48,3628,91,2671,86,3.22,132,4.94,4,105,18/07/2017,
3654,3654,29/08/2017,5,102,127,113,110,43,1.7,3.96,1.26,2.94,12,3654,44,1776,56,3.15,60,3.38,2,13,12/09/2017,
3658,3658,02/02/2017,5,95,101,93,103,18,0.76,4.23,0.72,4,62,3658,252,6262,199,3.18,291,4.65,9,6300,12/09/2017,
3661,3661,02/09/2017,5,102,121,106,129,41,2.32,5.66,1.09,2.65,21,3661,40,1490,48,3.22,68,4.56,2,29,12/09/2017,
3663,3663,09/08/2017,5,101,101,99,104,30,1.35,4.49,0.85,2.82,10,3663,64,2014,70,3.48,88,4.37,3,69,15/08/2017,
3673,3673,03/07/2017,5,100,119,106,111,26,1.11,4.27,0.77,2.96,186,3673,101,3944,120,3.04,163,4.13,4,269,15/08/2017,
3677,3677,15/08/2016,4,89,143,117,113,18,0.76,4.2,0.64,3.57,105,3677,423,13373,415,3.1,489,3.66,15,105,12/10/2017,
3685,3685,10/07/2016,5,88,92,98,107,9,0.56,6.27,0.45,4.96,176,3685,459,9120,356,3.9,504,5.53,16,176,12/10/2017,
3689,3689,03/07/2016,5,87,110,106,117,8,0.48,6.01,0.46,5.73,589,3689,466,10558,377,3.57,527,4.99,16,589,12/10/2017,
3690,3690,28/07/2016,4,88,112,102,94,17,0.79,4.66,0.64,3.77,83,3690,441,11098,361,3.25,433,3.9,14,278,16/05/2017,
3692,3692,29/06/2016,4,87,104,103,112,14,0.71,5.09,0.55,3.93,178,3692,470,10482,373,3.56,511,4.88,16,197,18/07/2017,
3697,3697,27/02/2017,5,95,99,98,104,24,1.23,5.12,0.91,3.81,171,3697,227,5916,201,3.4,282,4.77,8,3413,18/07/2017,
3699,3699,09/03/2016,4,83,126,109,120,15,0.83,5.56,0.63,4.17,137,3699,582,14584,475,3.26,668,4.58,19,367,16/05/2017,
3701,3701,17/02/2017,4,95,96,88,95,16,0.78,4.89,0.57,3.56,94,3701,237,5896,186,3.15,265,4.49,8,590,15/08/2017,
3702,3702,26/07/2016,4,88,96,90,85,15,0.74,4.96,0.66,4.4,317,3702,443,9573,323,3.37,376,3.93,15,624,14/03/2017,
3703,3703,07/07/2016,4,87,103,99,106,10,0.65,6.45,0.5,5,249,3703,462,10614,382,3.6,527,4.97,16,249,12/10/2017,
3704,3704,06/03/2017,5,95,92,94,106,22,1.02,4.64,0.77,3.52,67,3704,220,5166,183,3.54,280,5.42,8,94,14/03/2017,
3707,3707,03/08/2017,5,100,109,98,98,37,1.44,3.89,1.02,2.77,57,3707,70,2208,70,3.17,85,3.85,3,57,12/10/2017,
3709,3709,02/08/2017,4,99,95,95,90,27,1.22,4.5,0.9,3.33,35,3709,71,2093,70,3.34,81,3.87,3,98,15/08/2017,
3710,3710,30/06/2016,4,86,99,95,99,14,0.83,5.93,0.62,4.4,189,3710,469,10089,357,3.54,480,4.76,16,189,12/10/2017,
3712,3712,07/07/2017,5,98,105,106,99,27,1.14,4.24,0.88,3.26,283,3712,97,3164,111,3.51,127,4.01,4,489,18/07/2017,
3714,3714,27/01/2017,5,93,99,105,108,21,1.17,5.59,0.88,4.2,96,3714,258,6320,231,3.66,314,4.97,9,493,16/06/2017,
3715,3715,23/07/2016,4,86,114,113,117,8,0.4,5.03,0.35,4.41,393,3715,446,10382,368,3.54,477,4.59,15,393,12/10/2017,
3716,3716,05/03/2017,4,93,99,94,101,21,1.1,5.22,0.73,3.46,86,3716,221,5700,187,3.28,269,4.72,8,117,12/09/2017,
3720,3720,04/02/2017,4,92,95,96,108,20,1.15,5.74,0.8,3.99,52,3720,250,5842,207,3.54,312,5.34,9,52,12/10/2017,
3723,3723,24/01/2017,4,91,101,88,85,21,0.83,3.95,0.74,3.51,32,3723,261,6623,197,2.97,250,3.77,9,37,18/07/2017,
3730,3730,20/01/2017,5,91,95,90,98,21,1.25,5.93,0.81,3.85,53,3730,265,6184,200,3.23,285,4.61,9,652,16/06/2017,
3736,3736,25/07/2017,5,97,118,99,119,29,1.24,4.27,0.73,2.52,15,3736,79,3245,91,2.8,144,4.44,3,29,12/09/2017,
3737,3737,14/02/2017,4,91,99,85,85,22,0.87,3.97,0.66,3.01,19,3737,240,6107,181,2.96,241,3.95,8,26,15/08/2017,
3739,3739,26/07/2017,5,97,104,101,98,29,1.57,5.42,0.93,3.19,18,3739,78,2591,84,3.24,92,3.55,3,56,15/08/2017,
3744,3744,23/07/2016,4,85,130,126,115,13,0.67,5.17,0.58,4.46,68,3744,446,12446,445,3.58,504,4.05,15,89,18/01/2017,
3745,3745,24/08/2016,4,86,81,71,82,8,0.43,5.33,0.3,3.72,169,3745,414,7043,221,3.14,321,4.56,14,942,07/12/2016,
3749,3749,16/07/2017,4,96,92,91,102,25,1.2,4.81,0.75,3,25,3749,88,2268,77,3.4,103,4.54,4,239,18/07/2017,
3750,3750,18/07/2017,4,96,118,100,120,36,1.66,4.61,0.94,2.6,16,3750,86,2947,86,2.92,133,4.51,3,1870,15/08/2017,
3753,3753,29/07/2016,4,85,104,100,101,14,0.83,5.92,0.62,4.43,160,3753,440,10304,368,3.57,471,4.57,15,4809,08/09/2016,
3755,3755,17/07/2016,4,84,110,104,107,13,0.67,5.13,0.55,4.25,147,3755,452,10702,369,3.45,485,4.53,16,152,16/05/2017,
3761,3761,09/02/2017,4,91,91,88,109,20,1.31,6.55,0.74,3.72,64,3761,245,5546,187,3.37,300,5.41,9,351,14/02/2017,
3763,3763,16/07/2017,6,96,98,93,96,25,1.11,4.44,0.76,3.05,13,3763,88,2495,80,3.21,95,3.81,4,57,18/07/2017,
3764,3764,09/08/2017,5,97,111,112,89,34,1.35,3.96,1.09,3.21,23,3764,64,2201,80,3.63,68,3.09,3,106,15/08/2017,
3768,3768,17/03/2016,3,80,105,116,129,6,0.36,5.96,0.31,5.12,798,3768,574,12438,503,4.04,723,5.81,19,798,12/10/2017,
3770,3770,31/08/2016,4,85,103,98,108,19,1.05,5.52,0.78,4.08,160,3770,407,9477,326,3.44,449,4.74,14,160,12/10/2017,
3772,3772,16/08/2016,4,85,102,98,121,19,1.02,5.37,0.78,4.12,142,3772,422,9786,334,3.41,513,5.24,14,2035,07/04/2017,
3774,3774,21/07/2017,5,96,106,105,104,33,1.58,4.8,1.09,3.31,28,3774,83,2583,88,3.41,109,4.22,3,28,12/10/2017,
3775,3775,09/07/2016,4,84,107,94,108,15,0.71,4.73,0.54,3.59,105,3775,460,10657,336,3.15,463,4.34,16,625,16/06/2017,
3784,3784,07/02/2017,4,91,94,97,106,17,1.01,5.93,0.68,4.01,33,3784,247,5885,210,3.57,312,5.3,9,145,14/02/2017,
3788,3788,02/08/2015,3,72,115,102,106,36,1.43,3.98,0.94,2.62,11,3788,802,18420,609,3.31,749,4.07,22,207,04/08/2015,
3793,3793,13/02/2017,4,91,58,61,74,20,1.1,5.5,0.78,3.9,111,3793,241,3576,128,3.58,206,5.76,9,285,16/05/2017,
3796,3796,02/02/2017,4,90,94,101,112,4,0.41,10.27,0.29,7.36,3357,3796,252,5986,222,3.71,321,5.36,9,3357,12/10/2017,
3809,3809,16/08/2017,5,97,117,108,113,37,1.62,4.37,1.08,2.92,8,3809,57,2403,73,3.04,82,3.41,2,8,12/10/2017,
3813,3813,21/02/2017,4,91,89,87,78,22,1.08,4.91,0.79,3.58,189,3813,233,5286,179,3.39,212,4.01,8,189,12/10/2017,
3815,3815,03/03/2017,4,91,89,85,99,21,1.04,4.93,0.74,3.5,30,3815,223,5148,171,3.32,265,5.15,8,31,07/04/2017,
3820,3820,10/02/2017,4,90,100,102,100,23,1.14,4.94,0.86,3.75,30,3820,244,5998,213,3.55,272,4.53,9,124,14/02/2017,
3821,3821,10/07/2016,4,83,103,109,124,19,1.3,6.82,0.87,4.56,48,3821,459,10875,424,3.9,603,5.54,16,612,16/08/2016,
3823,3823,05/08/2016,4,84,101,98,103,13,0.58,4.45,0.53,4.11,217,3823,433,9868,346,3.51,438,4.44,15,353,07/04/2017,
3826,3826,10/07/2016,4,83,116,111,106,18,0.75,4.14,0.68,3.77,110,3826,459,11784,395,3.35,478,4.06,16,1088,14/03/2017,
3827,3827,25/08/2016,4,84,105,100,109,8,0.45,5.62,0.4,5.06,622,3827,413,9772,337,3.45,462,4.73,14,622,12/10/2017,
3834,3834,17/07/2016,4,83,109,103,106,19,0.91,4.8,0.78,4.08,118,3834,452,10840,382,3.52,487,4.49,16,144,21/07/2016,
3840,3840,08/07/2016,4,83,96,91,109,8,0.47,5.84,0.42,5.21,444,3840,461,9948,343,3.45,505,5.08,16,444,12/10/2017,
3849,3849,29/01/2017,4,89,101,103,109,23,1.24,5.37,0.88,3.83,79,3849,256,6507,228,3.5,314,4.83,9,79,12/10/2017,
3850,3850,22/02/2017,4,90,103,96,102,18,0.79,4.4,0.64,3.54,78,3850,232,6318,201,3.18,284,4.5,8,89,15/08/2017,
3853,3853,06/07/2016,4,82,86,93,103,13,0.81,6.26,0.66,5.11,148,3853,463,8755,355,4.05,495,5.65,16,170,12/09/2017,
3861,3861,25/07/2017,4,95,107,102,108,32,1.4,4.38,1.03,3.21,18,3861,79,2527,82,3.24,112,4.43,3,241,15/08/2017,
3862,3862,07/02/2017,4,89,91,94,91,21,1.02,4.88,0.9,4.3,1937,3862,247,5794,207,3.57,257,4.44,9,1937,12/10/2017,
3866,3866,02/07/2016,4,82,94,91,94,11,0.52,4.7,0.44,3.98,126,3866,467,9940,344,3.46,480,4.83,16,636,18/01/2017,
3869,3869,20/07/2016,4,82,93,100,121,10,0.66,6.62,0.48,4.77,164,3869,449,9319,368,3.95,534,5.73,16,165,18/07/2017,
3872,3972,20/08/2016,4,83,101,96,96,11,0.62,5.63,0.45,4.07,27,3872,418,9016,327,3.63,401,4.45,14,121,18/07/2017,
3876,3876,09/07/2016,5,90,80,84,98,11,0.67,6.12,0.48,4.37,97,3876,460,8392,313,3.73,455,5.42,16,178,18/07/2017,
3886,3886,13/07/2017,5,94,88,89,99,24,1.36,5.65,0.75,3.13,29,3886,91,2214,78,3.52,104,4.7,4,29,12/10/2017,
3888,3888,12/07/2017,5,102,97,96,91,21,1.17,5.56,0.66,3.15,843,3888,92,2892,98,3.39,111,3.84,4,993,18/07/2017,
3894,3894,09/07/2017,5,93,90,93,96,30,1.71,5.71,1.01,3.35,14,3894,95,2399,87,3.63,107,4.46,4,262,18/07/2017,
3896,3896,04/02/2017,4,88,110,104,95,23,1.15,5.01,0.78,3.4,54,3896,250,6944,226,3.25,273,3.93,9,93,15/08/2017,
3897,3897,10/03/2017,5,89,97,92,85,23,0.91,3.97,0.8,3.49,46,3897,216,5222,171,3.27,213,4.08,8,208,14/03/2017,
3898,3898,28/01/2017,4,88,83,82,89,16,0.88,5.49,0.6,3.72,85,3898,257,5329,181,3.4,250,4.69,9,85,12/10/2017,
3903,3903,20/07/2016,4,82,102,103,101,20,0.95,4.77,0.63,3.14,441,3903,449,10308,366,3.55,456,4.42,16,441,12/10/2017,
3914,3914,26/07/2016,4,80,105,101,102,12,0.64,5.32,0.49,4.05,184,3914,443,10100,351,3.48,458,4.53,15,303,07/04/2017,
3918,3918,05/07/2017,5,92,114,114,110,34,1.56,4.59,1.15,3.37,24,3918,99,3344,118,3.53,142,4.25,4,77,18/07/2017,
3925,3925,24/07/2016,4,80,108,105,105,12,0.61,5.09,0.53,4.42,5192,3925,445,10064,359,3.57,444,4.41,15,5192,12/10/2017,
3929,3929,14/02/2016,3,75,103,99,110,12,0.73,6.06,0.55,4.62,100,3929,606,12996,469,3.61,642,4.94,20,142,18/01/2017,
3932,3932,12/07/2016,4,79,77,84,97,11,0.64,5.81,0.5,4.58,84,3932,457,8586,334,3.89,459,5.35,16,219,18/07/2017,
3933,3933,03/07/2017,4,91,107,94,100,28,1.18,4.21,0.82,2.92,200,3933,101,3344,99,2.96,133,3.98,4,218,18/07/2017,
3940,3940,05/03/2017,4,87,82,75,70,23,1.05,4.55,0.72,3.14,97,3940,221,4822,151,3.13,185,3.84,8,2920,16/05/2017,
3942,3942,01/08/2016,4,79,84,81,80,13,0.67,5.13,0.48,3.72,192,3942,437,8478,286,3.37,371,4.38,15,247,16/08/2016,
3946,3946,12/07/2016,4,77,100,104,115,10,0.57,5.67,0.44,4.35,108,3946,457,9646,360,3.73,504,5.22,16,250,15/08/2017,
3947,3947,07/08/2017,5,90,110,100,91,35,1.62,4.62,0.98,2.79,16,3947,66,2207,70,3.17,68,3.08,3,31,15/08/2017,
3953,3953,16/07/2017,4,89,95,89,101,29,1.38,4.76,0.84,2.9,18,3953,88,2560,83,3.24,106,4.14,4,4039,18/07/2017,
3957,3957,12/02/2017,4,84,95,93,104,20,1.19,5.97,0.77,3.85,48,3957,242,5606,189,3.37,274,4.89,9,1415,14/02/2017,
3958,3958,28/01/2017,5,83,99,91,133,23,1.74,7.55,0.82,3.56,62,3958,257,6389,200,3.13,374,5.85,9,87,15/08/2017,
3959,3959,02/07/2016,4,76,100,103,91,10,0.54,5.43,0.51,5.07,407,3959,467,10622,405,3.81,468,4.41,16,4971,14/02/2017,
3961,3961,10/07/2016,4,76,97,106,99,18,1.07,5.95,0.86,4.8,171,3961,459,10130,397,3.92,480,4.74,16,171,12/10/2017,
3964,3964,04/08/2016,3,77,116,109,106,15,0.72,4.81,0.64,4.26,171,3964,434,11284,393,3.48,480,4.25,15,171,12/10/2017,
3966,3966,28/08/2016,4,78,96,92,110,16,0.97,6.08,0.67,4.16,36,3966,410,9026,314,3.48,458,5.07,14,383,18/07/2017,
3973,3973,01/02/2017,4,83,77,76,76,17,0.97,5.69,0.62,3.62,190,3973,253,5076,171,3.37,224,4.41,9,190,12/10/2017,
3977,3977,06/07/2016,4,75,102,100,88,14,0.62,4.46,0.57,4.1,104,3977,463,10625,372,3.5,415,3.91,16,123,18/07/2017,
3980,3980,14/02/2017,4,83,103,103,85,23,0.88,3.83,0.85,3.69,83,3980,240,6421,220,3.43,243,3.78,8,112,15/08/2017,
3981,3981,25/08/2016,4,77,104,101,115,12,0.71,5.93,0.54,4.53,156,3981,413,9286,330,3.55,471,5.07,14,156,12/10/2017,
3987,3987,11/02/2017,4,82,103,101,109,22,1.35,6.14,0.88,3.98,67,3987,243,6328,215,3.4,308,4.87,9,1019,14/02/2017,
3991,3991,25/02/2017,4,83,99,100,114,19,1.1,5.77,0.77,4.03,49,3991,229,6020,207,3.44,313,5.2,8,49,12/10/2017,
3992,3992,26/01/2017,5,82,91,84,95,19,0.99,5.19,0.68,3.56,388,3992,259,6042,192,3.18,284,4.7,9,388,12/10/2017,
3996,3996,28/06/2016,4,72,108,109,105,9,0.58,6.4,0.48,5.3,287,3996,471,10836,419,3.87,518,4.78,16,373,07/04/2017,
4002,4002,07/07/2016,4,72,91,97,92,7,0.45,6.49,0.4,5.75,208,4002,462,8942,364,4.07,446,4.99,16,431,16/06/2017,
4008,4008,29/06/2016,4,72,98,102,114,13,0.9,6.89,0.61,4.73,80,4008,470,10278,397,3.86,550,5.35,16,97,15/08/2017,
4014,4014,09/02/2017,4,79,103,91,82,22,0.95,4.32,0.74,3.36,49,4014,245,6156,190,3.09,226,3.67,9,2047,14/03/2017,
4019,4019,24/02/2016,3,68,119,98,95,18,0.87,4.84,0.71,3.92,87,4019,596,14580,462,3.17,571,3.92,20,295,07/04/2017,
4020,4020,05/09/2017,4,86,100,99,99,32,1.34,4.2,1,3.11,83,4020,37,1118,39,3.49,46,4.11,2,182,12/09/2017,
4022,4022,02/02/2017,4,79,101,93,80,20,0.76,3.81,0.7,3.5,268,4022,252,6604,209,3.16,239,3.62,9,286,14/02/2017,
4023,4023,08/02/2017,4,79,104,102,98,26,1.1,4.22,0.93,3.56,174,4023,246,6787,229,3.37,282,4.16,9,239,16/06/2017,
4028,4028,05/07/2016,3,72,80,88,89,12,0.43,3.6,0.43,3.6,103,4028,464,8539,324,3.79,406,4.75,16,167,16/05/2017,
4029,4029,13/07/2016,4,72,110,105,113,17,0.92,5.44,0.75,4.42,218,4029,456,11322,398,3.52,509,4.5,16,218,12/10/2017,
4034,4034,15/08/2017,4,85,118,108,103,36,1.69,4.7,1.03,2.87,9,4034,58,2432,77,3.17,61,2.51,2,9,12/10/2017,
4038,4038,29/07/2016,3,72,90,95,92,14,0.68,4.83,0.58,4.11,139,4038,440,9642,351,3.64,418,4.34,15,139,12/10/2017,
4043,4043,14/02/2016,3,67,91,86,97,6,0.31,5.23,0.26,4.39,233,4043,606,10788,383,3.55,553,5.13,20,257,07/04/2017,
4046,4046,24/07/2017,4,84,99,87,88,28,1,3.56,0.74,2.64,31,4046,80,2515,72,2.86,91,3.62,3,51,15/08/2017,
4047,4047,13/02/2017,4,79,113,101,111,24,1.11,4.64,0.83,3.44,31,4047,241,6954,221,3.18,331,4.76,9,31,12/10/2017,
4052,4052,27/02/2017,4,79,82,90,102,17,1,5.87,0.68,4.02,45,4052,227,4918,185,3.76,279,5.67,8,68,18/07/2017,
4053,4053,04/07/2016,3,71,95,100,105,12,0.66,5.5,0.53,4.38,75,4053,465,9888,374,3.78,498,5.04,16,218,18/07/2017,
4054,4054,24/07/2017,4,84,106,107,116,27,1.37,5.09,0.9,3.34,13,4054,80,2940,99,3.37,139,4.73,3,13,12/10/2017,
4055,4055,03/07/2017,4,83,76,86,106,20,1.37,6.86,0.75,3.73,60,4055,101,2335,90,3.85,141,6.04,4,60,18/07/2017,
4056,4056,22/01/2017,4,78,82,85,79,18,0.77,4.28,0.73,4.04,39,4056,263,5600,196,3.5,236,4.21,9,69,15/08/2017,
4057,4057,30/07/2017,4,84,96,93,86,30,1.16,3.87,0.91,3.04,54,4057,74,2129,70,3.29,78,3.66,3,54,12/10/2017,
4062,4062,07/07/2016,3,71,85,95,96,16,0.93,5.8,0.79,4.96,138,4062,462,9034,362,4.01,482,5.34,16,373,16/05/2017,
4064,4064,12/07/2016,3,71,73,76,78,11,0.61,5.52,0.51,4.66,203,4064,457,8376,317,3.78,423,5.05,16,355,21/07/2016,
4065,4065,01/02/2016,3,66,99,93,92,6,0.22,3.6,0.22,3.6,289,4065,619,12076,438,3.63,544,4.5,21,405,15/08/2017,
4066,4066,21/02/2016,3,67,109,109,101,12,0.75,6.23,0.53,4.38,137,4066,599,12920,486,3.76,613,4.74,20,270,18/07/2017,
4080,4080,09/02/2017,4,78,123,117,100,29,1.4,4.82,0.98,3.38,22,4080,245,7526,250,3.32,279,3.71,9,66,15/08/2017,
4096,4096,21/07/2016,4,71,104,102,95,18,1.01,5.62,0.73,4.04,195,4096,448,11034,383,3.47,467,4.23,15,222,15/08/2017,
4102,4102,28/06/2017,4,82,98,93,91,30,1.43,4.76,1,3.34,32,4102,106,3071,98,3.19,124,4.04,4,37,18/07/2017,
4104,4104,06/02/2017,4,77,95,91,96,19,0.9,4.75,0.67,3.5,35,4104,248,5956,191,3.21,258,4.33,9,165,14/02/2017,
4120,4120,06/03/2016,3,66,97,103,105,11,0.64,5.86,0.48,4.38,74,4120,585,10564,416,3.94,563,5.33,20,625,08/03/2016,
4124,4124,12/02/2017,3,77,104,101,113,25,1.28,5.1,0.88,3.5,49,4124,242,6202,215,3.47,294,4.74,9,275,14/02/2017,
4129,4129,10/02/2017,3,77,104,105,102,23,1.01,4.39,0.91,3.95,74,4129,244,6254,219,3.5,283,4.53,9,1149,14/02/2017,
4132,4132,14/07/2016,3,70,89,89,94,13,0.74,5.68,0.55,4.23,120,4132,455,9283,343,3.69,449,4.84,16,246,21/07/2016,
4133,4133,05/02/2017,4,77,93,95,90,22,0.98,4.44,0.77,3.51,66,4133,249,5788,204,3.52,261,4.51,9,166,16/06/2017,
4135,4135,15/03/2017,4,78,94,88,90,27,1.4,5.2,0.93,3.45,83,4135,211,5100,162,3.18,225,4.41,7,98,15/08/2017,
4146,4146,05/07/2016,3,70,107,106,120,11,0.67,6.09,0.5,4.55,155,4146,464,10754,387,3.6,549,5.11,16,155,12/10/2017,
4149,4149,30/01/2017,4,76,90,86,100,19,1.1,5.8,0.67,3.53,69,4149,255,5843,195,3.34,292,5,9,69,12/10/2017,
4157,4157,20/07/2017,4,90,79,89,91,23,1.01,4.38,0.84,3.67,22,4157,84,2012,75,3.73,104,5.17,3,34,15/08/2017,
4173,4173,01/03/2017,4,76,115,114,104,27,1.13,4.17,1.03,3.81,34,4173,225,6738,228,3.38,282,4.19,8,70,14/03/2017,
4176,4176,30/01/2017,4,75,109,112,111,20,1.1,5.52,0.82,4.1,165,4176,255,6930,245,3.54,325,4.69,9,165,12/10/2017,
4179,4179,21/02/2016,3,63,105,98,103,14,0.95,6.8,0.66,4.73,51,4179,599,12550,462,3.68,656,5.23,20,224,16/06/2016,
4180,4180,11/08/2017,4,81,92,96,97,28,1.31,4.68,0.9,3.2,178,4180,62,1773,66,3.72,69,3.89,3,3121,15/08/2017,
4183,4183,11/02/2017,3,75,114,100,91,24,1.09,4.56,0.83,3.44,40,4183,243,7086,224,3.16,263,3.71,9,2801,12/09/2017,
4184,4184,12/02/2017,4,75,90,88,95,18,0.97,5.39,0.67,3.71,44,4184,242,5526,188,3.4,257,4.65,9,1161,14/02/2017,
4185,4185,06/07/2017,4,80,118,108,97,31,1.18,3.82,0.93,3.01,35,4185,98,3658,117,3.2,130,3.55,4,84,18/07/2017,
4190,4190,13/03/2017,3,76,98,90,102,21,1.19,5.67,0.68,3.26,109,4190,213,5340,174,3.26,250,4.68,8,109,12/10/2017,
4197,4197,13/02/2017,4,75,92,95,103,22,1.34,6.07,0.84,3.83,33,4197,241,5893,223,3.78,278,4.72,9,45,07/04/2017,
4204,4204,30/06/2017,4,79,79,77,81,27,1.29,4.76,0.85,3.16,46,4204,104,2448,79,3.23,105,4.29,4,46,12/10/2017,
4205,4205,14/07/2017,4,80,125,112,136,34,1.86,5.47,0.96,2.81,20,4205,90,3574,116,3.25,168,4.7,4,225,18/07/2017,
4212,4212,12/07/2017,4,79,95,94,93,25,1.11,4.45,0.78,3.12,24,4212,92,2742,94,3.43,114,4.16,4,100,18/07/2017,
4213,4213,20/07/2016,3,68,103,101,105,9,0.36,3.97,0.3,3.36,373,4213,449,9594,344,3.59,444,4.63,16,373,12/10/2017,
4218,4218,03/08/2017,3,80,90,88,95,28,1.34,4.79,0.87,3.11,197,4218,70,1908,62,3.25,82,4.3,3,197,12/10/2017,
4219,4219,31/07/2017,4,80,98,91,98,32,1.68,5.26,0.91,2.85,36,4219,73,2075,67,3.23,83,4,3,36,12/10/2017,
4228,4228,21/02/2017,3,74,85,75,72,20,0.85,4.23,0.66,3.28,32,4228,233,5180,156,3.01,198,3.82,8,79,07/04/2017,
4231,4231,14/02/2017,3,72,121,110,102,26,1.1,4.23,0.87,3.36,206,4231,240,7533,234,3.11,286,3.8,8,206,12/10/2017,
4233,4233,15/02/2017,3,72,106,92,96,25,1.15,4.6,0.79,3.14,23,4233,239,6578,195,2.96,269,4.09,8,71,14/03/2017,
4236,4236,19/07/2017,4,77,109,98,83,33,1.37,4.16,0.9,2.74,11,4236,85,2904,89,3.06,85,2.93,3,55,15/08/2017,
4237,4237,29/06/2017,4,76,113,102,96,30,1.31,4.35,0.9,3,14,4237,105,3753,116,3.09,134,3.57,4,14,12/10/2017,
4238,4238,31/07/2017,3,78,106,102,104,30,1.3,4.32,0.88,2.94,13,4238,73,2538,85,3.35,105,4.14,3,18,15/08/2017,
4239,4239,05/08/2017,3,78,115,111,113,34,1.56,4.58,1.07,3.14,1554,4239,68,2501,85,3.4,103,4.12,3,1947,15/08/2017,
4241,4241,14/07/2017,3,77,114,108,94,31,1.12,3.6,1.12,3.6,78,4241,90,3023,97,3.21,104,3.44,4,1565,18/07/2017,
4242,4242,07/07/2017,3,77,123,109,103,34,1.33,3.91,1,2.93,79,4242,97,3740,116,3.1,135,3.61,4,79,12/10/2017,
4243,4243,12/07/2017,4,77,112,101,127,32,1.6,4.99,0.92,2.88,41,4243,92,3164,101,3.19,162,5.12,4,171,18/07/2017,
4248,4248,19/07/2017,4,77,109,102,109,28,1.44,5.14,0.79,2.82,27,4248,85,3309,104,3.14,143,4.32,3,45,15/08/2017,
4251,4251,19/02/2016,2,60,105,103,85,12,0.67,5.61,0.57,4.78,83,4251,601,12736,481,3.78,530,4.16,20,248,14/03/2017,
4252,4252,25/01/2017,3,71,92,84,80,16,0.83,5.2,0.59,3.66,19,4252,260,6047,190,3.14,239,3.95,9,208,14/02/2017,
4257,4257,02/03/2017,3,72,102,102,110,22,0.98,4.46,0.85,3.87,74,4257,224,6049,208,3.44,297,4.91,8,74,12/10/2017,
4260,4260,14/07/2017,3,77,96,104,115,30,1.77,5.9,1.08,3.61,16,4260,90,2369,92,3.88,130,5.49,4,140,18/07/2017,
4265,4265,13/02/2016,3,60,113,101,107,20,1.01,5.03,0.76,3.78,48,4265,607,14155,479,3.38,620,4.38,20,355,07/04/2017,
4271,4271,22/07/2017,4,77,116,106,103,37,1.55,4.19,1.1,2.98,22,4271,82,2929,92,3.14,111,3.79,3,22,12/10/2017,
4272,4272,03/08/2017,4,77,113,101,103,34,1.49,4.38,0.94,2.75,6,4272,70,2531,77,3.04,95,3.75,3,29,15/08/2017,
4274,4274,16/03/2017,3,72,103,96,90,28,1.15,4.11,0.95,3.41,40,4274,210,5522,176,3.19,223,4.04,7,1143,16/06/2017,
4277,4277,17/02/2017,3,71,88,97,107,19,1.13,5.96,0.79,4.17,57,4277,237,5475,206,3.76,300,5.48,8,57,12/10/2017,
4280,4280,08/03/2017,4,72,70,69,70,13,0.63,4.81,0.5,3.86,81,4280,218,4292,144,3.36,196,4.57,8,2556,07/04/2017,
4283,4283,11/02/2017,3,71,106,107,116,23,1.32,5.72,0.91,3.96,67,4283,243,6370,224,3.52,325,5.1,9,85,14/02/2017,
4286,4286,05/07/2017,3,75,115,105,120,32,1.41,4.41,0.98,3.05,25,4286,99,3538,113,3.19,164,4.64,4,52,18/07/2017,
4291,4291,07/02/2017,3,71,85,87,88,23,1.08,4.69,0.87,3.78,302,4291,247,5300,187,3.53,247,4.66,9,497,14/02/2017,
4294,4294,24/02/2017,3,71,87,84,98,20,1.04,5.19,0.68,3.38,34,4294,230,5348,179,3.35,268,5.01,8,41,12/09/2017,
4299,4299,12/07/2016,3,63,105,112,128,11,0.62,5.62,0.5,4.59,79,4299,457,10190,400,3.93,560,5.5,16,433,07/04/2017,
4301,4301,13/03/2017,3,69,115,108,96,26,1.24,4.77,0.86,3.29,45,4301,213,6505,223,3.43,251,3.86,8,45,12/10/2017,
4302,4302,30/06/2017,3,73,107,97,112,28,1.29,4.6,0.82,2.94,31,4302,104,3503,110,3.14,161,4.6,4,31,12/10/2017,
4303,4303,10/02/2017,3,68,93,96,102,21,1.22,5.83,0.79,3.76,27,4303,244,5811,207,3.56,289,4.97,9,142,14/02/2017,
4306,4306,27/02/2017,3,68,87,94,106,20,1.25,6.27,0.84,4.21,33,4306,227,5356,196,3.66,287,5.36,8,53,14/03/2017,
4307,4307,25/06/2016,3,60,99,101,95,19,0.97,5.13,0.79,4.17,48,4307,474,10588,397,3.75,483,4.56,16,106,16/05/2017,
4308,4308,11/02/2017,3,68,110,102,109,23,1.22,5.3,0.82,3.57,20,4308,243,6716,216,3.22,307,4.57,9,73,14/02/2017,
4312,4312,17/07/2017,3,73,102,105,93,30,1.22,4.08,1.01,3.35,22,4312,87,2779,100,3.6,107,3.85,4,427,15/08/2017,
4315,4315,16/08/2017,3,74,95,93,101,28,1.36,4.87,0.84,3,13,4315,57,1848,58,3.14,72,3.9,2,13,12/10/2017,
4318,4318,03/03/2017,3,68,100,96,84,18,0.77,4.26,0.65,3.62,199,4318,223,5953,197,3.31,229,3.85,8,391,12/09/2017,
4325,4325,25/01/2017,3,67,89,85,85,22,1.02,4.65,0.8,3.63,14,4325,260,5901,194,3.29,256,4.34,9,105,18/07/2017,
4326,4326,31/01/2017,3,67,88,94,90,21,1.18,5.64,0.85,4.07,51,4326,254,5702,206,3.61,261,4.58,9,79,18/07/2017,
4329,4329,09/02/2017,3,67,85,80,82,17,0.85,4.98,0.61,3.6,169,4329,245,5356,175,3.27,237,4.42,9,169,12/10/2017,
4331,4331,06/02/2017,3,67,98,88,85,15,0.73,4.88,0.52,3.47,24,4331,248,6250,196,3.14,245,3.92,9,28,14/03/2017,
4335,4335,29/01/2017,3,66,83,89,88,16,0.98,6.1,0.64,4.02,49,4335,256,5466,201,3.68,262,4.79,9,6732,14/02/2017,
4337,4337,17/07/2017,3,72,100,102,87,26,0.94,3.6,0.94,3.6,78,4337,87,2893,115,3.98,134,4.63,4,78,12/10/2017,
4340,4340,09/09/2016,3,62,82,85,98,18,1,5.56,0.77,4.25,75,4340,398,7778,283,3.64,411,5.28,13,214,07/04/2017,
4341,4341,19/07/2017,3,72,86,88,84,26,1.04,4.01,0.87,3.33,28,4341,85,2080,70,3.37,85,4.09,3,28,12/10/2017,
4342,4342,06/07/2017,3,71,112,112,115,31,1.57,5.06,1.02,3.29,16,4342,98,3389,119,3.51,154,4.54,4,27,18/07/2017,
4343,4343,08/07/2017,3,71,86,82,87,24,1.08,4.51,0.68,2.85,19,4343,96,2755,88,3.19,119,4.32,4,37,18/07/2017,
4352,4352,25/01/2017,3,66,91,90,89,20,1.04,5.2,0.77,3.86,33,4352,260,6176,206,3.34,264,4.27,9,162,15/08/2017,
4353,4353,12/07/2017,3,71,89,94,92,26,1.23,4.73,0.92,3.53,23,4353,92,2448,90,3.68,111,4.53,4,96,18/07/2017,
4358,4358,09/03/2017,3,67,85,100,104,18,1.01,5.6,0.79,4.39,87,4358,217,4842,196,4.05,272,5.62,8,730,12/09/2017,
4360,4360,27/07/2016,2,60,104,102,97,15,0.71,4.74,0.58,3.84,40,4360,442,10550,377,3.57,455,4.31,15,410,14/03/2017,
4361,4361,04/07/2017,3,71,101,93,101,27,1.44,5.32,0.8,2.96,20,4361,100,3412,107,3.14,144,4.22,4,43,15/08/2017,
4363,4363,07/02/2017,3,66,101,98,94,29,1.42,4.88,1.02,3.52,88,4363,247,6254,208,3.33,269,4.3,9,167,12/09/2017,
4366,4366,23/03/2017,3,67,116,117,111,31,1.48,4.76,1.11,3.58,23,4366,203,6142,211,3.44,273,4.44,7,73,07/04/2017,
4367,4367,15/08/2017,3,72,106,96,98,34,1.32,3.87,0.96,2.82,32,4367,58,1972,57,2.89,68,3.45,2,32,12/10/2017,
4368,4368,22/07/2017,3,71,106,100,93,32,1.42,4.44,0.95,2.96,17,4368,82,2720,88,3.24,100,3.68,3,17,12/10/2017,
4373,4373,20/02/2017,3,66,115,105,94,26,1.03,3.98,0.88,3.39,36,4373,234,7047,223,3.16,264,3.75,8,36,12/10/2017,
4377,4377,16/07/2017,3,71,82,86,92,26,1.38,5.3,0.88,3.4,15,4377,88,1938,71,3.66,91,4.7,4,312,18/07/2017,
4382,4382,18/07/2017,3,71,93,91,111,27,1.43,5.31,0.82,3.03,19,4382,86,2425,80,3.3,129,5.32,3,34,15/08/2017,
4383,4383,25/01/2017,3,65,93,97,109,26,1.4,5.4,0.98,3.76,109,4383,260,6135,220,3.59,321,5.23,9,8323,16/06/2017,
4384,4384,21/07/2017,3,71,112,105,102,31,1.46,4.71,0.91,2.94,49,4384,83,3078,99,3.22,101,3.28,3,49,12/10/2017,
4385,4385,06/07/2017,3,71,104,98,100,29,1.68,5.8,0.9,3.12,14,4385,98,3145,103,3.28,125,3.97,4,32,18/07/2017,
4386,4386,16/02/2017,3,66,84,96,105,20,1.09,5.45,0.83,4.15,110,4386,238,5312,206,3.88,298,5.61,8,205,16/05/2017,
4388,4388,09/02/2017,3,66,106,97,97,29,1.29,4.44,1.01,3.49,43,4388,245,6408,205,3.2,268,4.18,9,43,12/10/2017,
4390,4390,04/03/2017,3,67,108,97,94,26,1.22,4.71,0.85,3.26,21,4390,222,6292,195,3.1,251,3.99,8,162,14/03/2017,
4391,4391,03/08/2017,3,72,95,100,85,26,0.94,3.6,0.94,3.6,78,4391,70,2156,77,3.57,62,2.88,2,78,12/10/2017,
4396,4396,22/07/2017,3,71,121,108,94,34,1.29,3.8,1.02,3,28,4396,82,3250,95,2.92,103,3.17,3,37,15/08/2017,
4402,4402,14/03/2017,3,67,108,107,107,23,1.26,5.46,0.78,3.4,89,4402,212,6062,204,3.37,281,4.64,7,89,12/10/2017,
4403,4403,04/07/2017,3,70,110,111,94,31,1.18,3.8,1,3.22,10,4403,100,3412,124,3.63,130,3.81,4,59,18/07/2017,
4404,4404,21/07/2017,3,71,106,102,95,27,1.2,4.43,0.79,2.91,7,4404,83,3106,100,3.22,120,3.86,3,19,15/08/2017,
4405,4405,28/01/2017,3,65,87,89,86,16,0.95,5.92,0.65,4.05,113,4405,257,5652,199,3.52,255,4.51,9,113,12/10/2017,
4409,4409,21/07/2017,3,71,98,88,88,29,1.11,3.82,0.8,2.77,31,4409,83,2484,72,2.9,96,3.86,3,34,15/08/2017,
4411,4411,27/07/2017,3,71,103,97,96,32,1.26,3.95,0.97,3.02,19,4411,77,2390,77,3.22,98,4.1,3,33,15/08/2017,
4412,4412,06/07/2016,2,58,87,92,97,14,0.6,4.28,0.51,3.64,30,4412,463,8960,338,3.77,468,5.22,16,127,12/09/2017,
4415,4415,13/02/2017,3,65,111,111,108,27,1.26,4.68,1.05,3.9,35,4415,241,6663,229,3.44,286,4.29,9,79,15/08/2017,
4421,4421,11/02/2017,3,65,86,86,89,19,1.08,5.69,0.75,3.96,107,4421,243,5250,186,3.54,237,4.51,9,107,12/10/2017,
4422,4422,08/07/2017,3,70,106,106,90,29,1.32,4.54,0.94,3.25,24,4422,96,3165,112,3.54,113,3.57,4,52,18/07/2017,
4424,4424,26/02/2017,3,65,101,94,112,26,1.37,5.26,0.91,3.49,26,4424,228,5914,190,3.21,303,5.12,8,26,12/10/2017,
4425,4425,09/02/2017,3,73,84,82,95,19,1.01,5.34,0.69,3.61,68,4425,245,5558,191,3.44,275,4.95,9,139,14/02/2017,
4428,4428,12/08/2017,3,69,101,101,96,30,1.26,4.21,0.99,3.31,20,4428,61,1800,62,3.44,70,3.89,3,102,15/08/2017,
4430,4430,29/01/2017,3,63,88,95,108,19,1.01,5.32,0.74,3.87,192,4430,256,5990,216,3.61,325,5.43,9,192,12/10/2017,
4435,4435,20/02/2017,3,63,82,91,100,20,1.17,5.86,0.79,3.94,45,4435,234,5188,191,3.68,277,5.34,7,180,12/09/2017,
4439,4439,31/07/2017,3,69,94,95,112,28,1.61,5.76,0.87,3.11,68,4439,73,2305,77,3.34,111,4.82,3,68,12/10/2017,
4440,4440,30/01/2017,3,63,105,92,96,21,1.04,4.96,0.76,3.6,88,4440,255,6826,209,3.06,282,4.13,9,88,12/10/2017,
4441,4441,29/07/2016,3,56,113,109,87,6,0.3,5.04,0.28,4.7,567,4441,440,10748,396,3.68,418,3.89,15,1084,16/06/2017,
4443,4443,20/08/2017,3,69,106,104,107,32,1.5,4.69,0.99,3.09,26,4443,53,1962,66,3.36,75,3.82,2,26,12/10/2017,
4444,4444,03/07/2017,3,68,81,83,109,20,1.22,6.09,0.66,3.28,52,4444,101,2562,88,3.43,155,6.05,4,95,12/09/2017,
4445,4445,11/07/2017,3,68,93,98,104,29,1.52,5.25,0.99,3.43,26,4445,93,2719,98,3.6,126,4.63,4,35,18/07/2017,
4446,4446,10/02/2017,3,63,74,81,91,18,1.02,5.64,0.74,4.12,106,4446,244,4686,175,3.73,254,5.42,9,747,16/06/2017,
4447,4447,16/02/2017,3,63,104,104,103,24,1.1,4.59,0.85,3.53,17,4447,238,6416,219,3.41,287,4.47,8,38,15/08/2017,
4450,4450,14/07/2016,2,56,92,88,97,20,1.02,5.11,0.83,4.15,109,4450,455,9492,343,3.61,469,4.94,16,409,18/07/2017,
4455,4455,29/01/2017,3,62,98,103,106,23,1.21,5.27,0.91,3.96,94,4455,256,6410,231,3.6,312,4.87,9,163,14/03/2017,
4456,4456,09/02/2017,3,62,101,103,88,14,0.6,4.32,0.53,3.78,79,4456,245,6437,227,3.53,255,3.96,9,80,14/02/2017,
4459,4459,07/02/2017,2,62,112,103,90,24,1.26,5.26,0.87,3.62,220,4459,247,6998,226,3.23,254,3.63,9,220,12/10/2017,
4468,4468,03/02/2017,3,62,84,87,89,19,1.03,5.44,0.72,3.79,44,4468,251,5294,189,3.57,256,4.84,9,124,12/09/2017,
4476,4476,22/07/2017,3,67,91,91,85,29,1.2,4.13,0.91,3.15,17,4476,82,2378,77,3.24,88,3.7,3,17,12/10/2017,
4479,4479,03/07/2017,3,67,105,102,106,30,1.64,5.47,1,3.32,30,4479,101,3258,108,3.31,143,4.39,4,33,18/07/2017,
4483,4483,17/07/2017,3,65,113,101,102,29,1.48,5.1,0.83,2.87,29,4483,87,2989,95,3.18,119,3.98,4,57,15/08/2017,
4485,4485,09/02/2017,3,60,113,91,85,28,0.56,2.01,0.25,0.88,177,4485,245,6778,201,2.97,243,3.59,9,952,14/02/2017,
4488,4488,29/08/2016,2,54,96,100,104,11,0.7,6.36,0.6,5.41,61,4488,409,8289,325,3.92,419,5.05,14,67,15/08/2017,
4491,4491,09/02/2017,3,60,109,99,88,21,0.88,4.2,0.73,3.47,34,4491,245,6735,213,3.16,248,3.68,9,51,07/04/2017,
4492,4492,07/03/2016,2,48,106,105,101,13,0.69,5.34,0.58,4.47,397,4492,584,12184,454,3.73,578,4.74,19,462,07/04/2017,
4494,4494,29/07/2016,2,53,88,96,103,12,0.79,6.58,0.58,4.87,203,4494,440,8834,353,4,470,5.32,15,273,15/08/2017,
4495,4495,28/07/2016,2,53,93,97,85,15,0.8,5.3,0.62,4.12,37,4495,441,9133,337,3.69,374,4.1,14,38,18/07/2017,
4499,4499,08/07/2017,3,64,96,91,90,24,1.12,4.66,0.74,3.09,70,4499,96,2922,94,3.22,116,3.97,4,70,12/10/2017,
4501,4501,18/08/2016,2,54,79,81,103,14,0.87,6.19,0.64,4.56,129,4501,420,7828,294,3.76,467,5.97,14,129,12/10/2017,
4503,4503,10/02/2017,3,73,108,99,92,19,0.78,4.13,0.65,3.4,70,4503,244,6690,214,3.2,267,3.99,9,832,14/02/2017,
4504,4504,02/07/2017,3,64,127,118,111,37,1.46,3.94,1.17,3.15,33,4504,102,3947,129,3.27,156,3.95,4,58,18/07/2017,
4508,4508,13/03/2017,3,60,98,92,89,19,0.85,4.45,0.66,3.47,71,4508,213,5514,185,3.36,221,4.01,8,71,12/10/2017,
4509,4509,29/07/2017,3,65,98,92,87,32,1.68,5.24,0.86,2.7,9,4509,75,2154,72,3.34,65,3.02,3,541,15/08/2017,
4513,4513,05/07/2017,3,64,101,104,93,25,0.7,2.79,0.86,3.43,29,4513,99,3184,113,3.55,133,4.18,4,29,12/10/2017,
4521,4521,19/02/2017,2,60,102,96,94,22,1.14,5.16,0.75,3.43,38,4521,235,6266,202,3.22,261,4.17,8,38,12/09/2017,
4522,4522,23/01/2017,3,59,97,98,88,19,0.85,4.47,0.76,3.99,297,4522,262,6331,221,3.49,263,4.15,9,569,15/08/2017,
4523,4523,06/02/2017,3,59,80,94,108,16,1.04,6.48,0.72,4.48,86,4523,248,5366,213,3.97,320,5.96,9,112,15/08/2017,
4527,4527,27/02/2017,2,60,120,110,94,32,1.12,3.49,0.93,2.9,18,4527,227,7028,222,3.16,252,3.59,8,2736,15/08/2017,
4530,4530,27/07/2016,2,53,81,90,96,11,0.73,6.64,0.53,4.78,337,4530,442,8054,319,3.96,421,5.23,15,337,12/10/2017,
4534,4534,20/07/2017,3,64,124,106,110,37,1.75,4.72,1.06,2.86,88,4534,84,3231,92,2.85,121,3.74,3,88,12/10/2017,
4535,4535,01/02/2017,3,59,109,109,114,19,1.12,5.92,0.77,4.07,83,4535,253,7039,244,3.47,335,4.76,9,83,12/10/2017,
4536,4536,21/02/2017,3,59,73,79,76,12,0.65,5.43,0.52,4.31,244,4536,233,4426,165,3.73,215,4.86,8,272,15/08/2017,
4537,4537,31/01/2017,3,59,80,81,91,16,0.84,5.27,0.64,4.03,90,4537,254,5112,179,3.5,256,5.01,9,762,14/02/2017,
4540,4540,29/07/2016,2,52,80,81,88,11,0.62,5.63,0.47,4.3,258,4540,440,7360,273,3.71,373,5.07,15,722,14/03/2017,
4545,4545,08/02/2017,3,59,84,98,100,18,1.07,5.95,0.76,4.22,51,4545,246,5323,212,3.98,293,5.5,9,75,15/08/2017,
4546,4546,11/02/2017,2,59,85,86,87,18,1.16,6.43,0.67,3.72,20,4546,243,5188,182,3.51,239,4.61,9,261,14/02/2017,
4547,4547,16/08/2016,2,53,84,89,88,12,0.69,5.75,0.53,4.39,73,4547,422,8032,308,3.83,388,4.83,14,8093,08/09/2016,
4549,4549,05/07/2016,2,51,116,104,110,21,1.04,4.95,0.91,4.35,518,4549,464,11436,384,3.36,485,4.24,16,518,12/10/2017,
4551,4551,18/07/2016,2,52,102,105,74,16,0.58,3.6,0.58,3.6,78,4551,451,10170,375,3.69,350,3.44,16,225,21/07/2016,
4553,4553,13/07/2016,3,66,106,101,108,15,0.9,5.97,0.71,4.73,127,4553,456,10614,387,3.65,516,4.86,16,410,07/12/2016,
4554,4554,14/07/2016,2,52,101,98,110,6,0.34,5.62,0.16,2.74,13,4554,455,9484,349,3.68,487,5.13,16,114,21/07/2016,
4555,4555,19/07/2016,2,52,79,90,91,7,0.49,6.97,0.38,5.45,127,4555,450,7298,309,4.23,393,5.39,16,133,21/07/2016,
4556,4556,02/02/2017,2,58,104,96,88,20,0.96,4.8,0.68,3.39,25,4556,252,6777,210,3.1,265,3.91,9,37,18/07/2017,
4557,4557,21/03/2017,3,60,74,73,61,18,0.78,4.31,0.65,3.61,88,4557,205,4026,133,3.3,155,3.85,7,88,12/10/2017,
4558,4558,21/08/2016,2,53,98,95,101,16,0.94,5.88,0.66,4.14,125,4558,417,9324,322,3.45,448,4.8,14,1485,07/04/2017,
4561,4561,12/02/2017,3,58,95,90,96,25,1.18,4.73,0.88,3.52,110,4561,242,5818,195,3.35,275,4.73,9,121,14/02/2017,
4565,4565,29/01/2017,2,55,106,95,98,19,0.91,4.81,0.67,3.55,86,4565,256,6885,214,3.11,289,4.2,9,86,12/10/2017,
4566,4566,16/07/2016,2,49,112,117,106,18,1.03,5.71,0.84,4.68,45,4566,453,10731,410,3.82,491,4.58,16,133,14/02/2017,
4568,4568,01/03/2017,2,56,91,97,104,20,1.23,6.15,0.88,4.4,54,4568,225,5244,193,3.68,275,5.24,8,54,12/10/2017,
4569,4569,08/07/2016,2,48,81,84,88,13,0.85,6.57,0.62,4.74,36,4569,461,8428,323,3.83,438,5.2,16,105,21/07/2016,
4571,4571,29/08/2016,2,50,97,92,104,7,0.41,5.89,0.36,5.18,121,4571,409,8407,284,3.38,388,4.62,14,287,16/05/2017,
4572,4572,05/08/2016,2,49,87,83,87,9,0.46,5.1,0.36,4.02,69,4572,433,7892,266,3.37,357,4.52,15,159,18/07/2017,
4575,4575,17/02/2017,2,56,97,101,106,21,1.18,5.6,0.81,3.87,27,4575,237,5980,210,3.51,291,4.87,8,27,12/10/2017,
4577,4577,21/08/2016,2,50,107,102,100,19,0.89,4.68,0.74,3.87,43,4577,417,10497,343,3.27,439,4.18,14,138,12/09/2017,
4578,4578,21/07/2016,2,49,87,92,92,16,0.89,5.55,0.71,4.46,51,4578,448,9150,345,3.77,427,4.67,15,77,18/07/2017,
4579,4579,27/02/2017,2,56,105,105,122,23,1.36,5.91,0.83,3.61,26,4579,227,6208,213,3.43,325,5.24,8,35,15/08/2017,
4580,4580,06/09/2016,2,50,102,88,78,22,0.82,3.73,0.65,2.97,26,4580,401,9762,301,3.08,341,3.49,14,595,08/09/2016,
4581,4581,31/08/2016,2,50,97,91,96,18,0.9,5.02,0.7,3.88,66,4581,407,8596,299,3.48,398,4.63,14,217,16/06/2017,
4582,4582,29/01/2017,2,55,109,96,98,18,0.79,4.39,0.59,3.29,236,4582,256,6924,209,3.02,279,4.03,9,554,14/03/2017,
4583,4583,17/03/2017,2,56,92,87,94,22,1.14,5.16,0.75,3.42,231,4583,209,5014,160,3.19,231,4.61,7,231,12/10/2017,
4585,4585,18/02/2017,2,55,111,104,112,23,1.21,5.28,0.84,3.64,28,4585,236,6772,217,3.2,307,4.53,8,121,15/08/2017,
4587,4587,03/09/2016,2,50,106,93,98,10,0.47,4.69,0.46,4.57,137,4587,404,9096,299,3.29,376,4.13,14,634,14/03/2017,
4589,4589,23/01/2017,2,54,117,107,99,25,1.42,5.66,0.91,3.62,68,4589,262,7535,237,3.15,289,3.84,9,68,12/10/2017,
4590,4590,21/02/2017,2,55,101,95,77,18,0.58,3.22,0.63,3.49,17,4590,233,6146,199,3.24,215,3.5,8,54,07/04/2017,
4591,4591,24/07/2016,2,48,110,99,85,18,0.81,4.49,0.7,3.89,75,4591,445,10494,342,3.26,375,3.57,15,93,16/06/2017,
4593,4593,06/09/2016,2,50,84,89,102,14,0.85,6.04,0.61,4.38,42,4593,401,7432,286,3.85,421,5.66,14,205,08/09/2016,
4594,4594,02/08/2016,2,49,82,79,81,10,0.54,5.43,0.47,4.71,236,4594,436,7854,279,3.55,357,4.55,15,306,15/08/2017,
4596,4596,06/02/2017,2,55,107,102,89,23,1.11,4.82,0.83,3.6,101,4596,248,6682,222,3.32,254,3.8,9,117,14/02/2017,
4598,4598,16/08/2016,2,49,102,101,105,8,0.41,5.15,0.32,4.05,386,4598,422,8938,318,3.56,413,4.62,14,454,15/08/2017,
4599,4599,08/08/2017,3,61,82,77,92,24,1.28,5.32,0.6,2.5,21,4599,65,1592,50,3.14,72,4.52,3,41,15/08/2017,
4602,4602,05/08/2016,2,49,99,89,89,12,0.59,4.89,0.49,4.05,62,4602,433,8764,288,3.29,358,4.08,15,186,14/03/2017,
4603,4603,11/02/2017,2,55,104,96,91,21,1.03,4.89,0.77,3.66,25,4603,243,6293,203,3.23,251,3.99,9,216,14/02/2017,
4604,4604,02/02/2017,2,54,100,90,89,22,0.99,4.49,0.73,3.34,32,4604,252,6421,200,3.11,254,3.96,9,1534,07/04/2017,
4605,4605,25/07/2016,2,48,98,97,85,13,0.67,5.16,0.56,4.31,66,4605,444,9534,347,3.64,384,4.03,15,82,18/07/2017,
4611,4611,21/01/2017,2,54,107,99,84,19,0.74,3.88,0.69,3.62,68,4611,264,7056,226,3.2,252,3.57,9,261,07/04/2017,
4612,4612,09/08/2016,2,48,90,91,70,11,0.54,4.87,0.51,4.65,139,4612,429,7810,286,3.66,282,3.61,14,558,16/08/2016,
4614,4614,16/08/2016,2,49,99,100,94,15,0.7,4.66,0.62,4.13,90,4614,422,9198,330,3.59,385,4.19,14,134,07/04/2017,
4615,4615,02/02/2017,2,54,66,70,84,13,0.79,6.05,0.53,4.1,348,4615,252,4364,160,3.67,249,5.71,9,348,12/10/2017,
4617,4617,12/08/2016,2,48,99,92,99,11,0.62,5.64,0.48,4.32,97,4617,426,8903,309,3.47,404,4.54,15,153,16/05/2017,
4618,4618,23/08/2016,2,49,73,84,97,15,0.96,6.38,0.64,4.29,31,4618,415,7375,292,3.96,433,5.87,14,138,11/10/2016,
4619,4619,06/08/2016,2,48,92,84,89,11,0.59,5.4,0.43,3.91,136,4619,432,8600,279,3.24,376,4.37,15,300,07/04/2017,
4620,4620,01/09/2016,2,49,99,96,81,7,0.35,4.96,0.33,4.76,192,4620,406,8654,308,3.56,321,3.71,14,192,12/10/2017,
4622,4622,25/08/2016,2,49,74,68,64,12,0.56,4.65,0.46,3.87,67,4622,413,7204,237,3.29,279,3.87,14,69,07/04/2017,
4624,4624,10/03/2017,2,55,105,99,98,28,1.24,4.44,0.95,3.38,37,4624,216,5712,188,3.29,249,4.36,8,73,14/03/2017,
4625,4625,04/07/2017,2,59,99,97,99,26,1.16,4.48,0.85,3.28,16,4625,100,3082,103,3.34,134,4.35,4,47,18/07/2017,
4628,4628,16/08/2016,2,48,102,106,108,17,1.01,5.93,0.79,4.66,43,4628,422,9994,374,3.74,492,4.92,14,243,11/10/2016,
4629,4629,06/09/2016,2,49,102,89,99,17,0.85,5.01,0.63,3.68,101,4629,401,9118,295,3.24,412,4.52,14,468,08/09/2016,
4631,4631,14/02/2017,2,54,94,100,108,19,1.08,5.71,0.77,4.03,23,4631,240,5736,210,3.66,298,5.2,8,39,18/07/2017,
4634,4634,05/08/2016,2,48,83,84,102,17,1.18,6.92,0.79,4.63,37,4634,433,7893,298,3.78,439,5.56,15,185,18/01/2017,
4639,4639,27/08/2016,2,48,100,108,108,8,0.46,5.76,0.47,5.88,665,4639,411,8502,337,3.96,426,5.01,14,2630,08/09/2016,
4640,4640,10/08/2016,2,48,89,83,83,20,0.9,4.49,0.72,3.59,62,4640,428,9347,317,3.39,381,4.08,15,253,14/03/2017,
4646,4646,31/07/2016,2,47,75,81,77,15,0.85,5.67,0.69,4.6,35,4646,438,8056,304,3.77,374,4.64,15,38,16/08/2016,
4647,4647,01/07/2016,2,46,84,94,103,12,0.73,6.07,0.56,4.69,145,4647,468,8737,347,3.97,478,5.47,16,322,15/08/2017,
4649,4649,21/08/2016,2,48,102,100,96,14,0.79,5.61,0.62,4.46,142,4649,417,9252,324,3.5,407,4.4,14,142,12/10/2017,
4650,4650,08/08/2017,3,59,100,98,87,31,1.16,3.75,0.94,3.03,28,4650,65,2179,71,3.26,68,3.12,3,45,15/08/2017,
4651,4651,10/07/2017,3,58,93,88,80,26,1.05,4.05,0.77,2.97,12,4651,94,2622,86,3.28,94,3.59,4,91,18/07/2017,
4652,4652,13/02/2017,2,54,76,72,81,21,1.07,5.09,0.71,3.39,129,4652,241,4633,152,3.28,215,4.64,9,129,12/10/2017,
4653,4653,19/02/2017,2,54,127,119,113,28,1.3,4.64,0.96,3.44,16,4653,235,7654,246,3.21,308,4.02,8,40,07/04/2017,
4656,4656,10/08/2016,2,47,81,80,79,17,0.82,4.83,0.72,4.26,93,4656,428,8108,292,3.6,361,4.45,15,1405,16/08/2016,
4659,4659,10/08/2016,2,47,82,85,82,13,0.61,4.68,0.55,4.24,16,4659,428,8589,317,3.69,380,4.42,15,101,14/03/2017,
4661,4661,13/08/2017,3,59,98,100,92,33,1.23,3.73,1.03,3.13,31,4661,60,1573,62,3.94,65,4.13,3,3048,15/08/2017,
4662,4662,13/03/2017,2,54,86,88,101,21,1.07,5.09,0.76,3.61,51,4662,213,4684,159,3.39,247,5.27,8,58,15/08/2017,
4664,4664,01/08/2016,2,47,91,93,73,8,0.38,4.77,0.36,4.53,138,4664,437,8020,298,3.72,322,4.01,15,239,07/04/2017,
4666,4666,10/08/2017,3,59,83,87,81,24,0.92,3.85,0.76,3.17,31,4666,63,1418,49,3.46,51,3.6,3,39,15/08/2017,
4669,4669,10/08/2016,2,47,80,70,69,13,0.58,4.48,0.45,3.46,96,4669,428,7604,238,3.13,299,3.93,15,930,16/05/2017,
4671,4671,29/08/2016,2,48,93,88,86,33,1.49,4.51,0.96,2.9,10,4671,409,10147,332,3.27,399,3.93,10,76,08/09/2016,
4672,4672,17/07/2017,3,58,87,91,75,24,0.93,3.89,0.82,3.43,7,4672,87,2051,74,3.61,61,2.97,4,10,15/08/2017,
4673,4673,01/08/2016,2,47,83,80,79,17,0.8,4.7,0.49,2.88,194,4673,437,7693,259,3.37,317,4.12,15,487,15/08/2017,
4678,4678,12/02/2017,2,53,109,100,105,24,1.12,4.68,0.8,3.33,94,4678,242,6416,205,3.2,280,4.36,9,397,14/02/2017,
4681,4681,22/08/2017,3,59,96,99,99,27,1.13,4.18,0.87,3.22,25,4681,51,1701,60,3.53,69,4.06,2,51,12/09/2017,
4682,4682,08/08/2017,3,59,94,94,101,28,1.62,5.78,0.91,3.24,26,4682,65,1860,64,3.44,79,4.25,3,97,15/08/2017,
4688,4688,09/10/2016,2,49,89,87,85,14,0.69,4.91,0.59,4.23,45,4688,368,7142,246,3.44,306,4.28,13,7886,11/10/2016,
4689,4689,20/08/2016,2,47,98,80,83,19,0.92,4.86,0.69,3.62,29,4689,418,9425,277,2.94,365,3.87,14,45,15/08/2017,
4691,4691,30/07/2016,2,46,85,93,82,15,0.88,5.87,0.67,4.45,33,4691,439,8932,339,3.8,407,4.56,15,1910,14/03/2017,
4692,4692,05/08/2016,2,46,90,91,83,16,0.79,4.93,0.65,4.05,18,4692,433,9016,322,3.57,399,4.43,15,115,16/05/2017,
4693,4693,19/03/2017,2,54,105,99,87,20,0.9,4.49,0.65,3.27,53,4693,207,5742,186,3.24,220,3.83,7,110,15/08/2017,
4694,4694,07/08/2017,3,58,85,88,96,24,1.29,5.37,0.83,3.44,22,4694,66,1721,59,3.43,78,4.53,3,128,15/08/2017,
4695,4695,07/08/2017,3,58,103,103,103,30,1.36,4.54,0.98,3.25,13,4695,66,2125,74,3.48,89,4.19,3,76,15/08/2017,
4696,4696,24/08/2016,2,45,91,82,88,18,0.87,4.81,0.68,3.76,85,4696,414,8664,283,3.27,379,4.37,14,532,08/09/2016,
4698,4698,22/08/2016,2,45,91,96,93,19,1.01,5.33,0.76,4.01,70,4698,416,9218,331,3.59,414,4.49,14,307,15/08/2017,
4699,4699,03/08/2016,2,45,88,87,82,15,0.79,5.25,0.63,4.19,110,4699,435,8448,299,3.54,374,4.43,14,1515,16/08/2016,
4700,4700,19/08/2016,2,45,95,89,94,12,0.62,5.14,0.54,4.54,126,4700,419,8834,298,3.37,390,4.41,14,314,16/06/2017,
4702,4702,04/08/2016,2,45,90,84,86,15,0.77,5.13,0.66,4.38,33,4702,434,8702,298,3.42,386,4.44,15,123,11/10/2016,
4704,4704,18/08/2016,2,45,78,75,80,14,0.89,6.33,0.56,4,16,4704,420,7523,255,3.39,358,4.76,14,192,11/10/2016,
4706,4706,02/09/2017,3,58,94,98,110,29,1.57,5.41,0.98,3.38,37,4706,40,1135,41,3.61,58,5.11,2,37,12/10/2017,
4709,4709,07/08/2016,2,45,80,79,96,13,0.88,6.74,0.57,4.42,54,4709,431,7490,274,3.66,433,5.78,15,54,14/03/2017,
4710,4710,19/08/2017,3,57,115,109,117,35,1.62,4.63,1.09,3.1,18,4710,54,2163,70,3.24,87,4.02,2,23,12/09/2017,
4711,4711,24/08/2017,3,57,107,98,105,32,1.3,4.07,0.92,2.86,35,4711,49,1772,53,2.99,70,3.95,2,35,12/10/2017,
4712,4712,25/07/2017,3,56,100,103,110,27,1.56,5.76,0.9,3.34,30,4712,79,2534,88,3.47,115,4.54,3,34,15/08/2017,
4714,4714,03/08/2016,1,44,87,91,91,20,1.13,5.64,0.82,4.12,30,4714,435,9286,345,3.72,448,4.82,15,112,16/08/2016,
4715,4715,29/07/2016,1,44,88,92,103,14,0.92,6.54,0.67,4.76,37,4715,440,8685,338,3.89,478,5.5,15,442,11/10/2016,
4718,4718,28/07/2017,2,56,94,100,81,26,0.94,3.6,0.94,3.6,78,4718,76,2240,79,3.53,80,3.57,3,78,12/10/2017,
4719,4719,19/08/2016,2,45,106,99,107,19,1.05,5.54,0.75,3.96,94,4719,419,9917,336,3.39,462,4.66,14,165,16/06/2017,
4720,4720,16/08/2017,3,57,105,99,104,31,1.38,4.45,0.91,2.92,12,4720,57,2061,63,3.06,75,3.64,2,22,12/09/2017,
4721,4721,20/09/2016,2,46,80,74,80,22,1.07,4.85,0.76,3.46,80,4721,387,7699,244,3.17,331,4.3,13,136,14/03/2017,
4722,4722,25/08/2017,3,57,76,87,100,23,1.39,6.03,0.8,3.48,21,4722,48,1170,41,3.5,59,5.04,2,33,12/09/2017,
4723,4723,24/07/2017,2,56,101,100,99,29,1.21,4.16,0.93,3.19,18,4723,80,2458,83,3.38,106,4.31,3,68,15/08/2017,
4724,4724,06/08/2016,1,45,84,88,104,16,1.03,6.43,0.77,4.81,36,4724,432,8094,312,3.85,450,5.56,15,655,16/06/2017,
4727,4727,08/09/2016,2,46,94,97,94,23,1.05,4.56,0.89,3.87,24,4727,399,8836,312,3.53,391,4.43,14,194,15/08/2017,
4728,4728,07/02/2017,2,51,101,97,88,25,1.18,4.72,0.87,3.48,28,4728,247,6482,215,3.32,257,3.96,9,54,14/02/2017,
4730,4730,28/07/2016,1,44,97,98,87,20,0.97,4.85,0.77,3.84,429,4730,441,10123,358,3.54,409,4.04,15,7172,08/09/2016,
4735,4735,26/07/2016,2,44,88,91,86,7,0.35,5.02,0.33,4.77,124,4735,443,8038,295,3.67,341,4.24,14,149,16/06/2017,
4736,4736,25/07/2017,3,56,83,85,84,21,0.86,4.08,0.63,2.99,19,4736,79,2101,63,3,83,3.95,2,29,15/08/2017,
4738,4738,04/08/2017,3,56,103,94,98,31,1.41,4.55,0.91,2.94,6,4738,69,2163,67,3.1,83,3.84,3,32,15/08/2017,
4739,4739,14/08/2016,1,45,85,83,82,12,0.54,4.47,0.48,4.03,39,4739,424,8121,284,3.5,355,4.37,15,5373,16/08/2016,
4740,4740,15/08/2016,1,44,96,93,90,12,0.57,4.74,0.47,3.94,154,4740,423,8590,303,3.53,363,4.23,15,222,15/08/2017,
4741,4741,01/08/2017,2,56,104,103,81,32,1.16,3.64,1.04,3.24,4,4741,72,2278,78,3.42,69,3.03,3,24,15/08/2017,
4742,4742,25/07/2017,2,56,88,96,98,26,1.26,4.86,0.94,3.62,17,4742,79,2095,77,3.68,101,4.82,3,17,12/10/2017,
4743,4743,07/08/2016,1,44,88,84,86,14,0.76,5.43,0.62,4.46,78,4743,431,8852,312,3.52,393,4.44,15,159,15/08/2017,
4745,4745,13/08/2016,1,44,96,90,83,21,0.97,4.63,0.79,3.76,56,4745,425,9209,311,3.38,367,3.99,15,6578,16/08/2016,
4746,4746,01/08/2017,3,56,76,81,74,22,0.94,4.28,0.72,3.29,55,4746,72,1586,57,3.59,59,3.72,3,55,12/10/2017,
4748,4748,07/08/2017,2,56,108,102,104,29,1.36,4.7,0.9,3.1,18,4748,66,2315,75,3.24,91,3.93,3,315,15/08/2017,
4750,4750,01/09/2017,2,57,95,88,83,30,1.05,3.51,0.82,2.73,22,4750,41,1152,35,3.04,35,3.04,2,25,12/09/2017,
4751,4751,13/03/2017,2,51,101,97,100,19,0.9,4.72,0.67,3.53,40,4751,213,5586,184,3.29,253,4.53,8,40,12/10/2017,
4754,4754,30/08/2016,2,45,84,79,82,17,0.77,4.5,0.6,3.54,43,4754,408,7960,259,3.25,347,4.36,14,78,08/09/2016,
4755,4755,07/08/2017,3,56,96,92,96,27,1.11,4.1,0.84,3.1,25,4755,66,1970,63,3.2,81,4.11,3,121,15/08/2017,
4757,4757,08/08/2017,3,56,100,102,88,28,1.08,3.87,0.9,3.22,38,4757,65,2060,73,3.54,70,3.4,3,83,15/08/2017,
4758,4758,30/07/2016,1,44,98,93,102,20,0.93,4.67,0.78,3.89,28,4758,439,9560,324,3.39,438,4.58,15,57,07/04/2017,
4760,4760,27/07/2017,2,55,88,95,81,25,0.87,3.46,0.89,3.55,16,4760,77,2297,79,3.44,85,3.7,3,24,15/08/2017,
4761,4761,04/09/2016,2,45,97,99,87,16,0.8,4.98,0.68,4.24,94,4761,403,8728,322,3.69,365,4.18,14,188,08/09/2016,
4762,4762,09/09/2016,2,45,87,84,90,16,0.51,3.21,0.6,3.78,118,4762,398,8247,274,3.32,364,4.41,13,175,07/04/2017,
4763,4763,05/08/2016,1,43,94,88,99,19,1.02,5.36,0.75,3.97,22,4763,433,9128,319,3.49,439,4.81,15,124,11/10/2016,
4764,4764,15/08/2016,1,42,90,83,83,11,0.57,5.22,0.43,3.91,36,4764,423,7504,246,3.28,329,4.38,15,210,18/07/2017,
4765,4765,30/07/2016,1,,,,,17,0.69,4.06,0.63,3.73,76,4765,439,7916,272,3.44,322,4.07,15,187,07/12/2016,
4767,4767,10/08/2017,2,54,100,97,91,30,1.17,3.9,0.93,3.1,40,4767,63,1834,63,3.44,65,3.54,3,163,15/08/2017,
4769,4769,30/08/2017,2,55,88,95,84,26,0.94,3.6,0.94,3.6,78,4769,43,1146,41,3.58,40,3.49,2,78,12/10/2017,
4770,4770,12/08/2017,2,54,98,98,85,30,1.18,3.93,0.98,3.28,5,4770,61,1626,58,3.57,55,3.38,3,269,15/08/2017,
4771,4771,07/08/2017,2,54,95,96,99,29,1.37,4.73,0.91,3.15,20,4771,66,1876,66,3.52,81,4.32,3,81,15/08/2017,
4772,4772,21/07/2017,2,53,108,99,92,34,1.3,3.83,1.04,3.07,27,4772,83,2598,79,3.04,94,3.62,3,68,15/08/2017,
4775,4775,15/08/2016,1,42,87,88,97,13,0.85,6.52,0.64,4.89,62,4775,423,7716,291,3.77,391,5.07,15,62,12/10/2017,
4776,4776,24/06/2017,2,52,70,73,86,20,1.14,5.69,0.69,3.44,40,4776,110,2136,74,3.46,114,5.34,4,50,18/07/2017,
4777,4777,12/07/2017,2,53,80,84,66,20,0.92,4.62,0.73,3.67,38,4777,92,2234,78,3.49,69,3.09,4,38,12/10/2017,
4779,4779,03/08/2017,2,53,100,98,96,29,1.03,3.54,0.88,3.03,300,4779,70,2172,73,3.36,89,4.1,3,980,15/08/2017,
4780,4780,10/08/2017,2,54,99,101,91,28,0.9,3.21,0.93,3.31,13,4780,63,1910,69,3.61,68,3.56,3,98,15/08/2017,
4782,4782,04/09/2017,2,54,122,111,104,40,1.4,3.51,1.22,3.06,228,4782,38,1428,47,3.29,50,3.5,2,383,12/09/2017,
4784,4784,29/07/2016,1,41,107,103,107,18,1.1,6.09,0.75,4.16,540,4784,440,10234,359,3.51,466,4.55,15,623,16/06/2017,
4785,4785,07/08/2016,1,41,93,91,90,16,0.86,5.37,0.68,4.23,28,4785,431,9140,322,3.52,397,4.34,15,86,09/11/2016,
4788,4788,04/08/2016,1,41,86,80,76,18,0.89,4.95,0.69,3.83,36,4788,434,8742,293,3.35,355,4.06,15,54,16/08/2016,
4789,4789,30/07/2016,1,41,78,83,84,13,0.81,6.25,0.6,4.64,28,4789,439,7760,300,3.87,390,5.03,15,79,16/08/2016,
4791,4791,05/09/2017,2,54,94,100,102,28,1.43,5.11,0.97,3.47,14,4791,37,1036,41,3.96,47,4.54,2,48,12/09/2017,
4793,4793,19/08/2016,1,42,97,83,79,20,0.86,4.28,0.66,3.29,46,4793,419,9711,293,3.02,353,3.64,14,101,08/09/2016,
4794,4794,14/07/2017,2,53,95,93,96,25,1.17,4.68,0.8,3.21,65,4794,90,2547,86,3.38,110,4.32,4,108,18/07/2017,
4797,4797,03/08/2016,1,41,85,88,95,16,0.98,6.11,0.66,4.14,167,4797,435,8299,308,3.71,418,5.04,15,491,16/08/2016,
4798,4798,03/09/2017,3,54,95,93,90,29,1.05,3.62,0.85,2.93,32,4798,39,1107,37,3.34,41,3.7,2,74,12/09/2017,
4799,4799,19/07/2017,2,52,103,98,94,30,1.25,4.15,0.94,3.12,11,4799,85,2584,83,3.21,94,3.64,3,18,15/08/2017,
4801,4801,06/08/2017,2,53,86,89,97,25,1.22,4.88,0.81,3.24,14,4801,67,1728,61,3.53,81,4.69,3,49,15/08/2017,
4802,4802,26/09/2016,1,43,88,96,99,16,0.91,5.67,0.68,4.22,160,4802,381,7398,279,3.77,370,5,13,382,11/10/2016,
4803,4803,17/07/2017,2,52,96,92,97,27,1.18,4.38,0.83,3.09,17,4803,87,2347,84,3.58,109,4.64,4,28,15/08/2017,
4804,4804,26/08/2016,1,42,80,84,92,13,0.86,6.6,0.61,4.7,58,4804,412,7186,274,3.81,386,5.37,14,833,08/09/2016,
4808,4808,08/08/2017,2,53,103,99,95,30,1.14,3.8,0.91,3.03,14,4808,65,2077,69,3.32,77,3.71,3,83,15/08/2017,
4809,4809,01/09/2017,2,54,102,97,104,30,1.34,4.46,0.89,2.98,7,4809,41,1334,44,3.3,56,4.2,2,72,12/09/2017,
4810,4810,03/08/2017,2,53,85,88,84,24,0.87,3.61,0.81,3.39,5,4810,70,1793,61,3.4,74,4.13,3,15,15/08/2017,
4811,4811,06/08/2016,1,41,87,87,87,18,0.94,5.21,0.8,4.47,17,4811,432,9028,331,3.67,414,4.59,15,172,07/12/2016,
4812,4812,04/08/2016,1,41,96,88,94,17,1.07,6.27,0.78,4.56,48,4812,434,8882,300,3.38,407,4.58,15,108,18/07/2017,
4813,4813,03/11/2016,1,44,94,92,88,17,0.9,5.32,0.63,3.73,20,4813,343,7449,247,3.32,301,4.04,12,70,09/11/2016,
4814,4814,01/08/2016,1,41,94,92,99,16,0.8,5,0.65,4.09,172,4814,437,9132,318,3.48,416,4.56,15,175,14/02/2017,
4815,4815,17/08/2017,2,53,99,95,96,29,1.39,4.79,0.86,2.96,31,4815,56,1829,57,3.12,55,3.01,2,31,12/10/2017,
4819,4819,07/08/2017,2,53,86,88,80,23,0.9,3.92,0.76,3.32,38,4819,66,1765,60,3.4,64,3.63,3,47,15/08/2017,
4827,4827,24/08/2017,2,53,99,98,94,29,1.08,3.73,0.88,3.02,33,4827,49,1591,48,3.02,59,3.71,1,33,12/10/2017,
4828,4828,08/08/2017,2,53,77,82,78,26,1.03,3.98,0.83,3.18,11,4828,65,1601,56,3.5,64,4,3,108,15/08/2017,
4830,4830,08/08/2016,1,41,97,94,96,17,0.92,5.44,0.69,4.06,94,4830,430,9502,328,3.45,424,4.46,15,158,14/02/2017,
4831,4831,06/08/2016,1,41,83,88,96,12,0.77,6.44,0.56,4.64,34,4831,432,7684,297,3.87,418,5.44,15,40,15/08/2017,
4832,4832,20/08/2017,2,53,78,81,65,25,0.68,2.72,0.75,2.98,15,4832,53,1325,40,3.02,26,1.96,2,15,12/10/2017,
4833,4833,07/08/2017,2,53,96,95,90,28,1.07,3.83,0.9,3.21,22,4833,66,1912,65,3.4,74,3.87,3,86,15/08/2017,
4834,4834,04/08/2017,2,52,68,80,75,18,0.93,5.16,0.76,4.23,99,4834,69,1657,58,3.5,65,3.92,3,99,12/10/2017,
4836,4836,10/08/2017,2,53,106,99,85,32,1.24,3.86,0.95,2.96,9,4836,63,2046,67,3.27,69,3.37,3,178,15/08/2017,
4837,4837,02/09/2016,1,41,99,100,82,15,0.89,5.96,0.67,4.49,25,4837,405,8468,302,3.57,340,4.02,14,250,14/02/2017,
4841,4841,12/07/2017,2,,,,,27,1.06,3.91,0.82,3.03,16,4841,92,2866,91,3.18,117,4.08,4,72,18/07/2017,
4843,4843,22/08/2017,2,53,105,104,100,29,1.17,4.05,0.93,3.19,6,4843,51,1911,64,3.35,67,3.51,2,10,12/09/2017,
4844,4844,17/08/2017,2,53,97,99,109,28,1.39,4.98,0.9,3.23,24,4844,56,1814,62,3.42,81,4.47,2,28,12/09/2017,
4845,4845,04/08/2016,1,40,93,89,94,16,0.88,5.53,0.64,3.99,47,4845,434,8692,298,3.43,393,4.52,15,148,15/08/2017,
4846,4846,27/08/2017,2,53,92,90,95,27,1.27,4.7,0.77,2.85,30,4846,46,1335,43,3.22,49,3.67,2,30,12/10/2017,
4847,4847,03/08/2016,1,40,99,88,84,19,0.82,4.34,0.69,3.65,30,4847,435,9434,299,3.17,369,3.91,15,70,09/11/2016,
4848,4848,04/08/2017,2,51,83,83,93,24,1.34,5.57,0.69,2.86,12,4848,69,1685,57,3.38,77,4.57,3,74,15/08/2017,
4849,4849,10/08/2016,1,38,98,96,96,20,1.04,5.2,0.76,3.82,12,4849,428,9168,315,3.44,396,4.32,15,87,07/04/2017,
4850,4850,28/07/2017,2,49,99,95,86,27,1.15,4.25,0.81,3,65,4850,76,2322,75,3.23,78,3.36,3,75,12/09/2017,
4851,4851,21/08/2017,2,50,97,96,88,29,1.13,3.89,0.92,3.17,7,4851,52,1582,50,3.16,46,2.91,2,18,12/09/2017,
4852,4852,01/09/2016,1,38,77,75,68,10,0.5,5.01,0.36,3.62,38,4852,406,7378,245,3.32,306,4.15,14,86,07/04/2017,
4853,4853,11/07/2017,2,48,66,78,81,18,1,5.53,0.68,3.76,86,4853,93,1734,71,4.09,89,5.13,4,395,18/07/2017,
4854,4854,13/08/2016,1,37,89,84,78,12,0.55,4.6,0.46,3.82,32,4854,425,7862,257,3.27,308,3.92,15,488,16/08/2016,
4855,4855,04/08/2016,1,37,91,84,69,12,0.57,4.79,0.47,3.91,253,4855,434,8425,279,3.31,310,3.68,15,627,18/01/2017,
4857,4857,02/08/2016,1,37,94,97,87,16,0.78,4.9,0.72,4.52,92,4857,436,9036,331,3.66,381,4.22,15,94,16/06/2017,
4859,4859,25/08/2017,2,50,105,97,94,34,1.33,3.92,0.95,2.8,31,4859,48,1467,46,3.14,46,3.14,2,36,12/09/2017,
4861,4861,02/08/2016,1,37,108,103,107,18,0.9,4.99,0.68,3.79,31,4861,436,10442,358,3.43,460,4.41,15,113,18/01/2017,
4866,4866,08/08/2017,2,48,82,86,89,23,0.99,4.32,0.73,3.17,14,4866,65,1569,55,3.51,70,4.46,3,273,15/08/2017,
4868,4868,06/08/2016,1,36,89,85,85,12,0.61,5.05,0.5,4.2,25,4868,432,8348,289,3.46,367,4.4,15,228,14/02/2017,
4869,4869,24/07/2017,2,48,91,88,79,26,0.95,3.64,0.73,2.82,12,4869,80,2102,70,3.33,73,3.47,3,18,15/08/2017,
4870,4870,11/08/2017,2,48,96,93,98,26,1.06,4.07,0.75,2.88,8,4870,62,1747,56,3.21,70,4.01,3,69,15/08/2017,
4871,4871,25/08/2017,2,49,101,100,100,30,1.31,4.35,0.93,3.1,198,4871,48,1506,51,3.39,57,3.78,2,198,12/10/2017,
4872,4872,25/07/2017,2,48,90,91,110,27,1.63,6.04,0.88,3.26,15,4872,79,1981,67,3.38,101,5.1,3,635,15/08/2017,
4873,4873,05/08/2016,1,36,85,78,75,15,0.72,4.77,0.57,3.81,85,4873,433,8010,260,3.25,327,4.08,15,92,09/11/2016,
4874,4874,25/08/2017,2,49,87,86,87,26,1.04,4,0.73,2.82,46,4874,48,1215,38,3.13,44,3.62,2,89,12/09/2017,
4875,4875,17/08/2017,2,48,81,85,96,23,1.18,5.13,0.71,3.09,31,4875,56,1329,44,3.31,62,4.67,2,31,12/10/2017,
4878,4878,14/08/2017,2,48,92,86,108,27,1.31,4.87,0.75,2.77,18,4878,59,1578,40,2.53,107,6.78,3,53,12/09/2017,
4879,4879,22/08/2017,2,48,99,94,98,28,1.1,3.94,0.79,2.81,42,4879,51,1644,53,3.22,64,3.89,2,42,12/10/2017,
4880,4880,08/08/2017,2,48,100,96,99,28,1.29,4.6,0.79,2.82,101,4880,65,1971,67,3.4,78,3.96,3,101,12/10/2017,
4881,4881,23/08/2017,2,48,93,95,102,30,1.43,4.76,0.97,3.24,18,4881,50,1255,43,3.43,57,4.54,2,21,12/09/2017,
4882,4882,31/07/2017,2,48,80,85,90,22,1.1,5.02,0.73,3.31,17,4882,73,1693,60,3.54,78,4.61,3,26,15/08/2017,
4883,4883,24/08/2017,2,48,77,86,91,21,1.05,5.02,0.7,3.33,24,4883,49,1131,42,3.71,51,4.51,2,1659,12/09/2017,
4885,4885,21/09/2017,2,49,96,93,111,27,1.71,6.33,0.77,2.87,34,4885,21,567,16,2.82,36,6.35,1,34,12/10/2017,
4886,4886,02/08/2017,2,48,66,73,88,20,1.08,5.41,0.65,3.23,45,4886,71,1370,47,3.43,73,5.33,3,65,15/08/2017,
4887,4887,22/08/2017,2,48,76,81,96,21,1.19,5.65,0.63,3.02,105,4887,51,1107,37,3.34,57,5.15,2,105,12/10/2017,
4888,4888,13/09/2017,2,49,87,94,97,23,1.2,5.22,0.79,3.43,251,4888,29,667,23,3.45,35,5.25,1,251,12/10/2017,
4889,4889,19/10/2016,1,38,81,81,85,10,0.68,6.78,0.44,4.42,85,4889,358,6096,213,3.49,294,4.82,12,121,15/08/2017,
4890,4890,14/08/2017,2,48,90,90,90,25,0.89,3.56,0.73,2.9,49,4890,59,1500,48,3.2,70,4.67,3,74,12/09/2017,
4891,4891,03/08/2017,2,48,64,71,67,21,0.97,4.61,0.68,3.24,12,4891,70,1372,46,3.35,51,3.72,3,40,15/08/2017,
4893,4893,16/09/2017,2,49,95,98,102,27,1.37,5.06,0.88,3.26,212,4893,26,702,23,3.28,36,5.13,1,212,12/10/2017,
4894,4894,15/08/2017,2,48,83,85,87,23,1.04,4.5,0.69,2.98,35,4894,58,1463,48,3.28,51,3.49,2,42,12/09/2017,
4895,4895,18/09/2017,2,49,94,95,95,26,1.11,4.28,0.8,3.08,49,4895,24,624,19,3.04,27,4.33,1,49,12/10/2017,
4896,4896,25/08/2017,2,48,85,87,97,23,1.22,5.32,0.7,3.05,35,4896,48,1269,41,3.23,54,4.26,2,35,12/10/2017,
4897,4897,08/08/2017,2,48,73,77,87,19,1.05,5.55,0.54,2.82,88,4897,65,1401,50,3.57,68,4.85,3,88,12/10/2017,
4898,4898,05/08/2017,2,48,81,91,89,26,1.08,4.14,0.97,3.73,966,4898,68,1489,57,3.83,72,4.84,3,1076,12/09/2017,
4899,4899,24/08/2017,2,48,99,96,101,31,1.32,4.25,0.94,3.03,43,4899,49,1417,45,3.18,58,4.09,2,119,12/09/2017,
4900,4900,05/08/2017,2,48,84,84,78,25,0.98,3.91,0.82,3.29,15,4900,68,1595,52,3.26,57,3.57,3,133,15/08/2017,
4901,4901,08/08/2017,2,48,69,80,62,22,0.59,2.68,0.7,3.18,15,4901,65,1178,48,4.07,40,3.4,3,5096,15/08/2017,
4902,4902,03/08/2017,2,48,88,83,86,24,1.04,4.35,0.64,2.68,20,4902,70,1828,58,3.17,70,3.83,3,32,15/08/2017,
4903,4903,01/09/2017,2,48,82,87,91,24,1.09,4.56,0.73,3.03,291,4903,41,932,34,3.65,42,4.51,2,291,12/10/2017,
4905,4905,10/08/2017,2,48,91,99,89,25,0.9,3.6,0.9,3.6,78,4905,63,1749,64,3.66,65,3.72,3,286,12/09/2017,
4906,4906,02/08/2016,1,35,82,86,86,14,0.8,5.68,0.59,4.24,18,4906,436,7987,299,3.74,378,4.73,15,58,08/09/2016,
4908,4908,10/08/2017,2,48,87,92,102,25,1.35,5.39,0.83,3.32,17,4908,63,1461,53,3.63,75,5.13,3,192,15/08/2017,
4910,4910,19/08/2017,2,48,81,81,85,23,0.93,4.04,0.65,2.81,56,4910,54,1242,39,3.14,49,3.95,2,1646,12/09/2017,
4911,4911,22/07/2017,2,47,107,108,91,30,1.08,3.6,1.08,3.6,78,4911,82,2634,88,3.34,92,3.49,3,78,12/10/2017,
4913,4913,23/08/2017,2,48,72,79,81,20,0.81,4.07,0.61,3.06,17,4913,50,1000,34,3.4,42,4.2,2,49,12/09/2017,
4914,4914,11/08/2017,2,47,95,94,79,27,0.82,3.04,0.82,3.04,61,4914,62,1700,57,3.35,56,3.29,3,1201,15/08/2017,
4916,4916,07/08/2017,2,47,69,71,78,19,0.92,4.83,0.59,3.09,102,4916,66,1274,41,3.22,55,4.32,3,176,15/08/2017,
4917,4917,21/08/2017,2,48,95,93,93,26,1.1,4.24,0.77,2.97,50,4917,52,1648,52,3.16,55,3.34,2,50,12/10/2017,
4918,4918,28/08/2017,2,48,74,82,86,21,0.99,4.71,0.64,3.06,12,4918,45,1185,41,3.46,51,4.3,2,26,12/09/2017,
4921,4921,04/08/2017,2,47,89,87,93,25,1.16,4.65,0.72,2.88,65,4921,69,1820,59,3.24,77,4.23,3,138,15/08/2017,
4922,4922,08/08/2017,2,47,92,88,105,26,1.19,4.58,0.77,2.98,30,4922,65,1767,56,3.17,88,4.98,3,187,15/08/2017,
4923,4923,22/08/2017,2,48,79,85,81,25,0.89,3.54,0.8,3.2,34,4923,51,1167,39,3.34,42,3.6,2,35,12/09/2017,
4924,4924,04/08/2017,2,47,80,85,86,24,1.05,4.37,0.75,3.14,77,4924,69,1514,56,3.7,67,4.43,3,2450,15/08/2017,
4925,4925,04/08/2017,2,47,101,105,98,31,1.25,4.03,1.05,3.38,34,4925,69,1989,73,3.67,81,4.07,3,40,15/08/2017,
4926,4926,29/09/2017,2,49,88,92,96,22,1.16,5.29,0.74,3.36,27,4926,13,286,10,3.5,15,5.24,1,27,12/10/2017,
4927,4927,05/08/2017,2,47,81,85,83,24,1.01,4.22,0.74,3.09,48,4927,68,1546,55,3.56,63,4.08,3,119,15/08/2017,
4928,4928,07/08/2017,2,47,85,84,84,26,1.11,4.26,0.8,3.09,144,4928,66,1555,51,3.28,61,3.92,3,144,12/10/2017,
4929,4929,04/08/2017,2,47,85,81,86,23,0.89,3.85,0.65,2.82,60,4929,69,1744,54,3.1,71,4.07,3,278,15/08/2017,
4930,4930,05/08/2017,2,47,89,81,89,26,1.01,3.9,0.72,2.77,253,4930,68,1735,51,2.94,73,4.21,3,253,12/10/2017,
4931,4931,27/08/2017,2,47,93,91,97,24,0.96,3.98,0.68,2.85,79,4931,46,1445,47,3.25,59,4.08,2,79,12/10/2017,
4933,4933,03/08/2017,2,47,70,76,87,17,0.96,5.65,0.53,3.09,18,4933,70,1477,51,3.45,72,4.87,3,47,15/08/2017,
4934,4934,28/08/2017,2,47,82,90,84,25,1.02,4.09,0.86,3.42,33,4934,45,975,36,3.69,37,3.79,2,33,12/10/2017,
4935,4935,22/08/2017,2,47,60,72,74,16,0.86,5.39,0.52,3.27,52,4935,51,888,29,3.27,31,3.49,2,52,12/10/2017,
4936,4936,19/08/2017,2,46,107,103,96,32,1.09,3.42,1,3.11,11,4936,54,1806,58,3.21,63,3.49,2,36,12/09/2017,
4937,4937,08/08/2017,2,45,64,71,70,21,0.92,4.37,0.66,3.13,51,4937,65,1260,44,3.49,53,4.21,3,51,12/10/2017,
4938,4938,08/08/2017,1,42,52,64,66,10,0.59,5.87,0.35,3.47,21,4938,65,979,36,3.68,44,4.49,3,287,15/08/2017,
4939,4939,14/08/2017,1,42,84,87,85,27,1.07,3.98,0.82,3.04,28,4939,59,1549,50,3.23,55,3.55,2,28,12/10/2017,
4940,4940,15/08/2017,1,42,95,100,108,26,1.38,5.31,0.9,3.45,48,4940,58,1680,60,3.57,73,4.35,2,48,12/10/2017,
4941,4941,31/07/2017,1,42,92,88,85,25,1.04,4.14,0.77,3.09,28,4941,73,1912,59,3.09,70,3.66,3,88,15/08/2017,
4942,4942,06/09/2017,1,43,47,62,65,5,0.27,5.4,0.17,3.4,61,4942,36,474,18,3.8,21,4.43,2,116,12/09/2017,
4944,4944,30/07/2017,1,41,101,95,99,26,1.13,4.33,0.79,3.05,93,4944,74,2247,69,3.07,89,3.96,3,163,12/09/2017,
4945,4945,23/08/2017,1,42,104,97,100,29,1.2,4.15,0.78,2.7,16,4945,50,1660,53,3.19,58,3.49,2,16,12/10/2017,
4946,4946,19/08/2017,1,42,95,95,90,27,1.06,3.93,0.85,3.13,11,4946,54,1536,50,3.26,49,3.19,2,15,12/09/2017,
4947,4947,13/09/2017,1,43,95,96,101,26,1.29,4.96,0.8,3.08,127,4947,29,754,23,3.05,37,4.91,1,127,12/10/2017,
4948,4948,04/08/2017,1,42,86,80,86,22,0.89,4.06,0.58,2.62,43,4948,69,1721,52,3.02,68,3.95,3,91,15/08/2017,
4950,4950,21/08/2017,1,42,73,79,80,20,0.89,4.43,0.6,2.99,26,4950,52,1003,34,3.39,36,3.59,2,26,12/10/2017,
4951,4951,06/08/2017,1,42,89,86,97,25,1.07,4.26,0.75,3.01,44,4951,67,1658,53,3.2,79,4.76,3,66,15/08/2017,
4952,4952,29/08/2017,1,42,78,81,87,24,1.15,4.78,0.74,3.07,27,4952,44,795,27,3.4,35,4.4,2,66,12/09/2017,
4954,4954,08/08/2017,1,42,79,82,74,21,0.86,4.1,0.61,2.9,23,4954,65,1444,51,3.53,50,3.46,3,80,15/08/2017,
4955,4955,16/08/2017,1,42,88,93,93,23,1.03,4.46,0.74,3.21,21,4955,57,1563,54,3.45,59,3.77,2,21,12/10/2017,
4956,4956,03/08/2017,1,41,86,89,88,22,0.83,3.79,0.72,3.29,15,4956,70,1763,60,3.4,74,4.2,3,41,15/08/2017,
4958,4958,03/08/2017,1,41,66,70,71,22,0.94,4.29,0.65,2.97,30,4958,70,1355,44,3.25,56,4.13,3,33,15/08/2017,
4960,4960,10/08/2017,1,42,82,83,87,26,1.11,4.26,0.73,2.81,39,4960,63,1438,48,3.34,60,4.17,3,125,15/08/2017,
4962,4962,31/07/2017,1,41,91,91,84,26,0.94,3.61,0.83,3.2,99,4962,73,1840,62,3.37,68,3.7,3,123,15/08/2017,
4964,4964,07/08/2017,1,41,84,88,78,22,0.86,3.91,0.71,3.22,383,4964,66,1589,56,3.52,54,3.4,3,383,12/10/2017,
4965,4965,10/08/2017,1,42,93,93,95,25,1.02,4.09,0.78,3.11,94,4965,63,1596,54,3.38,70,4.39,3,116,15/08/2017,
4966,4966,18/08/2017,1,42,96,96,90,25,0.9,3.58,0.77,3.07,1589,4966,55,1735,56,3.23,57,3.29,2,1589,12/10/2017,
4971,4971,10/09/2017,1,42,91,91,90,24,0.89,3.7,0.68,2.84,31,4971,32,666,22,3.3,27,4.05,2,116,12/09/2017,
4973,4973,27/08/2017,1,42,80,84,77,22,0.79,3.57,0.67,3.04,19,4973,46,1012,34,3.36,31,3.06,2,32,12/09/2017,
4974,4974,08/08/2017,1,41,93,90,97,26,1.16,4.46,0.77,2.95,25,4974,65,1696,57,3.36,74,4.36,3,275,15/08/2017,
4977,4977,16/08/2017,1,42,93,94,89,27,1.01,3.74,0.86,3.17,13,4977,57,1455,48,3.3,51,3.51,2,15,12/09/2017,
4978,4978,22/08/2017,1,42,85,92,97,24,1.09,4.56,0.83,3.47,23,4978,51,1188,41,3.45,58,4.88,2,38,12/09/2017,
4980,4980,03/08/2017,1,41,93,92,86,28,1.04,3.7,0.87,3.12,54,4980,70,1735,58,3.34,64,3.69,3,81,15/08/2017,
4983,4983,10/08/2017,1,41,88,95,103,24,1.28,5.32,0.83,3.46,11,4983,63,1494,55,3.68,71,4.75,3,29,12/09/2017,
4986,4986,14/08/2017,1,41,88,88,90,23,0.87,3.79,0.66,2.87,21,4986,59,1681,40,2.38,91,5.41,3,32,12/09/2017,
4987,4987,30/07/2017,1,41,94,102,108,22,1.1,4.99,0.74,3.37,19,4987,74,2224,81,3.64,110,4.95,3,102,15/08/2017,
4989,4989,14/08/2017,1,41,80,80,84,21,0.86,4.1,0.56,2.69,19,4989,59,1206,46,3.81,45,3.73,3,23,12/09/2017,
4990,4990,07/08/2017,1,41,93,96,91,26,0.99,3.82,0.86,3.32,10,4990,66,1729,61,3.53,70,4.05,3,59,15/08/2017,
4991,4991,27/07/2017,1,41,75,76,78,19,0.7,3.67,0.58,3.04,11,4991,77,1604,51,3.18,67,4.18,3,30,15/08/2017,
4992,4992,21/08/2017,1,42,97,91,91,28,1.01,3.62,0.79,2.83,15,4992,52,1456,44,3.02,50,3.43,2,29,12/09/2017,
5000,5000,14/08/2017,1,41,86,91,91,23,1.05,4.58,0.75,3.26,1558,5000,59,1429,54,3.78,56,3.92,3,1558,12/10/2017,
5001,5001,09/08/2017,1,41,83,84,93,24,1.08,4.48,0.71,2.97,144,5001,64,1425,49,3.44,69,4.84,3,144,12/10/2017,
5003,5003,11/08/2017,1,41,96,98,107,27,1.3,4.82,0.88,3.27,15,5003,62,1523,55,3.61,73,4.79,3,229,15/08/2017,
5004,5004,17/08/2017,1,41,99,97,86,29,1.03,3.55,0.89,3.06,33,5004,56,1583,51,3.22,44,2.78,2,33,12/10/2017,
5005,5005,29/07/2017,1,41,87,83,86,22,0.96,4.37,0.64,2.89,20,5005,75,1884,57,3.03,71,3.77,3,41,15/08/2017,
5007,5007,23/08/2017,1,41,77,82,87,21,0.96,4.56,0.65,3.08,67,5007,50,1015,34,3.35,44,4.33,2,1940,12/09/2017,
5008,5008,02/10/2017,1,43,80,91,87,17,0.79,4.62,0.67,3.97,32,5008,10,170,7,4.12,8,4.71,1,32,12/10/2017,
5009,5009,04/08/2017,1,41,93,91,92,27,1,3.72,0.79,2.94,15,5009,69,1767,59,3.34,74,4.19,3,70,15/08/2017,
5010,5010,12/08/2017,1,41,87,92,99,23,1.1,4.79,0.77,3.36,299,5010,61,1417,51,3.6,66,4.66,3,299,12/10/2017,
5012,5012,23/08/2017,1,41,100,95,94,28,1.05,3.74,0.8,2.87,70,5012,50,1540,47,3.05,53,3.44,2,84,12/09/2017,
5014,5014,10/08/2017,1,41,82,88,95,21,1.03,4.9,0.67,3.2,48,5014,63,1316,46,3.5,60,4.56,3,72,12/09/2017,
5017,5017,04/08/2017,1,40,90,90,91,23,0.9,3.93,0.7,3.05,22,5017,69,1815,60,3.31,75,4.13,3,109,15/08/2017,
5018,5018,11/08/2017,1,41,91,93,98,23,1.05,4.55,0.69,3,32,5018,62,1597,54,3.38,66,4.13,3,104,15/08/2017,
5023,5023,19/08/2017,1,41,77,86,83,23,0.95,4.15,0.74,3.21,17,5023,54,1359,47,3.46,52,3.83,2,42,12/09/2017,
5025,5025,31/07/2017,1,40,117,104,112,31,1.17,3.78,0.84,2.71,20,5025,73,2582,77,2.98,109,4.22,3,2052,15/08/2017,
5028,5028,25/08/2017,1,41,86,84,86,24,0.86,3.6,0.68,2.82,16,5028,48,1152,34,2.95,43,3.73,2,2950,12/09/2017,
5029,5029,16/08/2017,1,40,99,93,96,30,1.18,3.92,0.88,2.93,36,5029,57,1500,45,3,56,3.73,2,52,12/09/2017,
5031,5031,15/08/2017,1,37,91,90,98,24,1.02,4.27,0.74,3.1,35,5031,58,1521,45,2.96,65,4.27,2,122,12/09/2017,
5033,5033,28/07/2017,1,36,62,77,75,19,0.99,5.19,0.74,3.92,22,5033,76,1223,47,3.84,54,4.42,3,36,15/08/2017,
5035,5035,12/08/2017,1,37,75,81,87,19,0.91,4.77,0.58,3.06,40,5035,61,1171,41,3.5,54,4.61,3,361,15/08/2017,
5037,5037,05/09/2017,1,38,86,85,86,25,1.02,4.09,0.72,2.88,31,5037,37,771,25,3.24,29,3.76,2,46,12/09/2017,
5038,5038,30/07/2017,1,36,79,82,90,23,1.06,4.6,0.68,2.97,31,5038,74,1760,58,3.3,84,4.77,3,34,15/08/2017,
5039,5039,06/08/2017,1,37,74,78,74,19,0.77,4.06,0.55,2.88,62,5039,67,1592,52,3.27,57,3.58,3,62,12/10/2017,
5040,5040,29/07/2017,1,36,84,94,84,21,0.88,4.2,0.78,3.7,20,5040,75,1689,63,3.73,67,3.97,3,94,15/08/2017,
5044,5044,03/08/2017,1,36,102,98,95,27,1.01,3.74,0.8,2.95,43,5044,70,1980,65,3.28,74,3.74,3,44,15/08/2017,
5045,5045,24/08/2017,1,37,90,92,96,24,1.03,4.3,0.74,3.09,29,5045,49,1244,41,3.3,52,4.18,2,29,12/10/2017,
5046,5046,15/08/2017,1,37,89,90,84,26,0.96,3.68,0.77,2.96,19,5046,58,1680,52,3.1,53,3.15,2,19,12/10/2017,
5047,5047,25/08/2017,1,37,107,102,119,30,1.63,5.42,0.91,3.02,34,5047,48,1473,48,3.26,66,4.48,2,117,12/09/2017,
5048,5048,17/08/2017,1,37,88,89,84,23,0.89,3.88,0.69,2.98,42,5048,56,1370,45,3.28,41,2.99,2,42,12/10/2017,
5049,5049,30/09/2017,1,38,100,96,93,25,0.96,3.84,0.77,3.09,20,5049,12,300,9,3,12,4,1,20,12/10/2017,
5050,5050,30/08/2017,1,37,80,85,84,21,0.9,4.28,0.66,3.12,25,5050,43,903,31,3.43,33,3.65,2,31,12/09/2017,
5056,5056,18/08/2017,1,37,74,79,85,18,0.83,4.62,0.54,3.02,39,5056,55,1110,36,3.24,46,4.14,2,48,12/09/2017,
5059,5059,02/08/2017,1,36,87,87,84,24,0.95,3.97,0.67,2.8,31,5059,71,1596,56,3.51,62,3.88,3,484,15/08/2017,
5060,5060,18/08/2017,1,37,95,94,97,25,1.15,4.59,0.75,2.99,23,5060,55,1535,49,3.19,54,3.52,2,23,12/10/2017,
5065,5065,20/08/2017,1,37,73,82,97,19,1.22,6.44,0.65,3.41,36,5065,53,969,33,3.41,49,5.06,2,36,12/10/2017,
5067,5067,29/07/2017,1,36,87,90,93,24,0.94,3.91,0.73,3.06,20,5067,75,2007,66,3.29,86,4.29,3,49,15/08/2017,
5070,5070,01/08/2017,1,36,82,83,90,21,0.93,4.43,0.64,3.04,22,5070,72,1545,51,3.3,70,4.53,3,72,15/08/2017,
5077,5077,06/08/2017,1,36,80,80,86,23,1.06,4.61,0.7,3.04,38,5077,67,1340,43,3.21,57,4.25,3,38,12/10/2017,
5078,5078,08/08/2017,1,36,78,83,91,23,1.06,4.63,0.7,3.06,26,5078,65,1456,50,3.43,66,4.53,3,146,15/08/2017,
5079,5079,13/08/2017,1,36,115,104,102,33,1.22,3.69,0.95,2.89,18,5079,60,1695,53,3.13,60,3.54,3,650,15/08/2017,
5090,5090,22/08/2017,1,37,100,92,88,29,1.02,3.53,0.81,2.81,9,5090,51,1335,39,2.92,40,3,2,9,12/10/2017,
5095,5095,25/08/2017,1,37,89,93,86,23,0.8,3.46,0.75,3.27,16,5095,48,1203,41,3.41,43,3.57,2,17,12/09/2017,
5098,5098,30/09/2017,1,38,73,85,82,16,0.67,4.19,0.57,3.56,78,5098,12,192,7,3.65,8,4.17,1,78,12/10/2017,
5102,5102,29/07/2017,1,36,82,88,90,28,1.32,4.71,0.94,3.34,20,5102,75,1587,55,3.47,74,4.66,3,905,15/08/2017,
5105,5105,25/07/2017,1,36,93,94,108,24,1.14,4.77,0.77,3.21,454,5105,79,1895,64,3.38,95,5.01,3,454,12/10/2017,
5106,5106,23/08/2017,1,36,94,92,85,24,0.81,3.38,0.71,2.95,140,5106,50,1410,43,3.05,42,2.98,2,140,12/10/2017,
5114,5114,06/10/2017,1,38,103,96,102,24,1.21,5.06,0.77,3.21,11,5114,6,144,5,3.47,7,4.86,1,11,12/10/2017,
5115,5115,08/08/2017,1,36,94,89,92,23,0.86,3.74,0.65,2.81,90,5115,65,1714,54,3.15,67,3.91,3,322,15/08/2017,
5116,5116,26/07/2017,1,36,89,88,88,24,0.95,3.97,0.74,3.07,12,5116,78,1755,58,3.3,71,4.05,3,145,15/08/2017,
5117,5117,26/07/2017,1,36,96,105,103,25,1.19,4.77,0.91,3.62,29,5117,78,1998,74,3.7,87,4.35,3,40,15/08/2017,
5118,5118,22/08/2017,1,36,76,83,92,18,1.04,5.78,0.55,3.07,19,5118,51,1098,38,3.46,47,4.28,2,56,12/09/2017,
5120,5120,17/08/2017,1,36,101,102,109,27,1.3,4.8,0.86,3.2,16,5120,56,1635,56,3.43,69,4.22,2,16,12/10/2017,
5126,5126,03/09/2017,1,37,97,99,80,27,0.83,3.07,0.77,2.84,35,5126,39,1005,39,3.88,28,2.79,2,245,12/09/2017,
5127,5127,02/08/2017,1,36,88,85,87,22,0.84,3.82,0.61,2.79,20,5127,71,1709,54,3.16,68,3.98,3,52,15/08/2017,
5130,5130,09/08/2017,1,36,87,91,103,23,1.14,4.96,0.73,3.16,30,5130,64,1488,53,3.56,74,4.97,3,75,15/08/2017,
5131,5131,06/08/2017,1,36,94,91,78,25,0.83,3.3,0.73,2.9,17,5131,67,1688,56,3.32,52,3.08,3,29,15/08/2017,
5132,5132,15/08/2017,1,36,82,86,81,20,0.79,3.97,0.6,3.01,25,5132,58,1375,46,3.35,41,2.98,2,40,12/09/2017,
5150,5150,19/08/2017,1,36,95,92,94,25,1.03,4.13,0.71,2.85,32,5150,54,1467,46,3.14,52,3.54,2,46,12/09/2017,
5163,5163,21/08/2017,1,36,90,90,94,25,1.15,4.58,0.75,2.98,35,5163,52,1226,39,3.18,46,3.75,2,35,12/10/2017,
5164,5164,05/08/2017,1,35,70,79,84,14,0.76,5.41,0.47,3.39,19,5164,68,1357,49,3.61,62,4.57,3,72,15/08/2017,
5165,5165,06/08/2017,1,36,98,97,96,28,1.06,3.78,0.9,3.23,15,5165,67,1692,57,3.37,71,4.2,3,34,15/08/2017,
5166,5166,03/08/2017,1,35,83,87,87,20,1.03,5.14,0.64,3.2,39,5166,70,1577,55,3.49,61,3.87,3,39,12/10/2017,
8888,8888,16/05/2017,1,40,66,79,81,10,0.47,4.73,0.31,3.1,35,8888,149,894,30,3.36,47,5.26,2,35,12/10/2017,
9999,9999,30/06/2016,1,41,,,,13,0.59,4.56,0.41,3.17,50,9999,469,1758,53,3.01,73,4.15,2,237,16/05/2017,
